Title,Operation,Value,Date,Path,Name,Module,Session,Mark,IdList,entity,Bonder,Milliseconds
Feed One Die,Dialog Item,,2022-07-14 10:17:05.420,,L1 MT,,MIXED_AML_Y22_370UM,80187,,TCB701,1,420
Feed One Die,Dialog Item,,2022-07-14 01:36:41.077,,L1 MT,,MIXED_AML_Y22_370UM,80187,,TCB701,1,77
Feed One Die,Dialog Item,,2022-07-14 03:37:03.000,,L1 MT,,MIXED_AML_Y22_370UM,80187,,TCB701,1,0
Feed One Die,Dialog Item,,2022-07-14 05:40:31.560,,L1 MT,,MIXED_AML_Y22_370UM,80187,,TCB701,1,560
Feed One Die,Dialog Item,,2022-07-14 00:15:51.620,,xudahai,,MIXED_AML_Y22_370UM,80187,,TCB701,2,620
Feed One Die,Dialog Item,,2022-07-14 00:15:56.957,,xudahai,,MIXED_AML_Y22_370UM,80187,,TCB701,2,957
Feed One Die,Dialog Item,,2022-07-14 00:21:45.123,,xudahai,,MIXED_AML_Y22_370UM,80187,,TCB701,2,123
Feed One Die,Dialog Item,,2022-07-14 02:42:21.793,,xudahai,,MIXED_AML_Y22_370UM,80187,,TCB701,2,793
Feed One Die,Dialog Item,,2022-07-14 02:50:32.717,,xudahai,,MIXED_AML_Y22_370UM,80187,,TCB701,2,717
Feed One Die,Dialog Item,,2022-07-14 02:12:15.187,,L1 MT,,MIXED_AML_Y22_370UM,80187,,TCB701,3,187
Feed One Die,Dialog Item,,2022-07-13 21:26:07.890,,wangxianming,,MIXED_AML_Y22_370UM,80187,,TCB701,4,890
Feed One Die,Dialog Item,,2022-07-13 21:27:01.000,,wangxianming,,MIXED_AML_Y22_370UM,80187,,TCB701,4,0
Feed One Die,Dialog Item,,2022-07-14 15:47:31.060,,xudahai,,MIXED_AML_Y22_370UM,80187,,TCB701,2,60
Feed One Die,Dialog Item,,2022-07-14 08:37:39.153,,L1 MT,,MIXED_AML_Y22_370UM,80187,,TCB701,3,153
Feed One Die,Dialog Item,,2022-07-14 10:51:42.687,,L1 MT,,MIXED_AML_Y22_370UM,85187,,TCB701,3,687
Feed One Die,Dialog Item,,2022-07-14 01:36:41.077,,L1 MT,,MIXED_AML_Y22_370UM,80187,,TCB701,1,77
Feed One Die,Dialog Item,,2022-07-14 03:37:03.000,,L1 MT,,MIXED_AML_Y22_370UM,80187,,TCB701,1,0
Feed One Die,Dialog Item,,2022-07-14 05:40:31.560,,L1 MT,,MIXED_AML_Y22_370UM,80187,,TCB701,1,560
Feed One Die,Dialog Item,,2022-07-14 17:19:34.217,,duheping,,MIXED_AML_Y22_370UM,80187,,TCB701,4,217
Feed One Die,Dialog Item,,2022-07-14 17:19:43.340,,duheping,,MIXED_AML_Y22_370UM,80187,,TCB701,4,340
Feed One Die,Dialog Item,,2022-07-14 17:23:12.043,,duheping,,MIXED_AML_Y22_370UM,80592,,TCB701,4,43
Feed One Die,Dialog Item,,2022-07-14 00:15:51.620,,xudahai,,MIXED_AML_Y22_370UM,80187,,TCB701,2,620
Feed One Die,Dialog Item,,2022-07-14 00:15:56.957,,xudahai,,MIXED_AML_Y22_370UM,80187,,TCB701,2,957
Feed One Die,Dialog Item,,2022-07-14 00:21:45.123,,xudahai,,MIXED_AML_Y22_370UM,80187,,TCB701,2,123
Feed One Die,Dialog Item,,2022-07-14 02:42:21.793,,xudahai,,MIXED_AML_Y22_370UM,80187,,TCB701,2,793
Feed One Die,Dialog Item,,2022-07-14 02:50:32.717,,xudahai,,MIXED_AML_Y22_370UM,80187,,TCB701,2,717
Feed One Die,Dialog Item,,2022-07-14 02:12:15.187,,L1 MT,,MIXED_AML_Y22_370UM,80187,,TCB701,3,187
Feed One Die,Dialog Item,,2022-07-13 21:26:07.890,,wangxianming,,MIXED_AML_Y22_370UM,80187,,TCB701,4,890
Feed One Die,Dialog Item,,2022-07-13 21:27:01.000,,wangxianming,,MIXED_AML_Y22_370UM,80187,,TCB701,4,0
Feed One Die,Dialog Item,,2022-07-15 03:50:48.530,,dev,,MIXED_AML_Y22_370UM,80187,,TCB701,4,530
Feed One Die,Dialog Item,,2022-07-15 03:52:13.560,,dev,,MIXED_AML_Y22_370UM,80592,,TCB701,4,560
Feed One Die,Dialog Item,,2022-07-14 09:29:30.950,,L1 MT,,FAST_TIGER_LAKE_UP3_270UM_2X9,80187,,TCB713,1,950
Feed One Die,Dialog Item,,2022-07-14 10:00:40.050,,L1 MT,,FAST_TIGER_LAKE_UP3_270UM_2X9,80187,,TCB713,1,50
Feed One Die,Dialog Item,,2022-07-14 10:25:14.787,,L1 MT,,FAST_TIGER_LAKE_UP3_270UM_2X9,80019,,TCB713,1,787
Feed One Die,Dialog Item,,2022-07-14 11:55:19.447,,L1 MT,,FAST_TIGER_LAKE_UP3_270UM_2X9,80019,,TCB713,1,447
Feed One Die,Dialog Item,,2022-07-14 11:55:23.830,,L1 MT,,FAST_TIGER_LAKE_UP3_270UM_2X9,80019,,TCB713,1,830
Feed One Die,Dialog Item,,2022-07-16 00:18:28.927,,L1 MT,,FAST_TIGER_LAKE_UP3_270UM_2X9,80187,,TCB713,1,927
Feed One Die,Dialog Item,,2022-07-16 00:33:42.103,,L1 MT,,FAST_TIGER_LAKE_UP3_270UM_2X9,80187,,TCB713,1,103
Feed One Die,Dialog Item,,2022-07-16 00:48:59.353,,L1 MT,,FAST_TIGER_LAKE_UP3_270UM_2X9,80187,,TCB713,1,353
Feed One Die,Dialog Item,,2022-07-16 02:33:16.157,,L1 MT,,FAST_TIGER_LAKE_UP3_270UM_2X9,80187,,TCB713,1,157
Feed One Die,Dialog Item,,2022-07-16 02:35:15.243,,L1 MT,,FAST_TIGER_LAKE_UP3_270UM_2X9,80187,,TCB713,1,243
Feed One Die,Dialog Item,,2022-07-16 02:35:17.333,,L1 MT,,FAST_TIGER_LAKE_UP3_270UM_2X9,80187,,TCB713,1,333
Feed One Die,Dialog Item,,2022-07-16 03:47:22.040,,shujun,,FAST_TIGER_LAKE_UP3_270UM_2X9,80187,,TCB713,1,40
Feed One Die,Dialog Item,,2022-07-16 03:50:43.377,,shujun,,FAST_TIGER_LAKE_UP3_270UM_2X9,80592,,TCB713,1,377
Feed One Die,Dialog Item,,2022-07-16 03:55:02.440,,shujun,,FAST_TIGER_LAKE_UP3_270UM_2X9,80592,,TCB713,1,440
Feed One Die,Dialog Item,,2022-07-13 19:26:45.447,,L1 MT,,FAST_TIGER_LAKE_UP3_270UM_2X9,80187,,TCB713,1,447
Feed One Die,Dialog Item,,2022-07-18 08:32:47.587,,L1 MT,,FAST_TIGER_LAKE_UP3_270UM_2X9,80187,,TCB713,1,587
Feed One Die,Dialog Item,,2022-07-18 08:33:46.027,,L1 MT,,FAST_TIGER_LAKE_UP3_270UM_2X9,80187,,TCB713,1,27
Feed One Die,Dialog Item,,2022-07-14 02:45:34.530,,L1 MT,,FAST_TIGER_LAKE_UP3_270UM_2X9,80187,,TCB713,2,530
Feed One Die,Dialog Item,,2022-07-14 04:57:31.397,,L1 MT,,FAST_TIGER_LAKE_UP3_270UM_2X9,80187,,TCB713,3,397
Feed One Die,Dialog Item,,2022-07-14 10:30:15.370,,L1 MT,,FAST_TIGER_LAKE_UP3_270UM_2X9,80019,,TCB713,2,370
Feed One Die,Dialog Item,,2022-07-14 13:11:17.080,,L1 MT,,FAST_TIGER_LAKE_UP3_270UM_2X9,80187,,TCB713,2,80
Feed One Die,Dialog Item,,2022-07-14 16:45:22.260,,wangting,,FAST_TIGER_LAKE_UP3_270UM_2X9,80187,,TCB713,2,260
Feed One Die,Dialog Item,,2022-07-14 16:49:54.490,,wangting,,FAST_TIGER_LAKE_UP3_270UM_2X9,80187,,TCB713,2,490
Feed One Die,Dialog Item,,2022-07-16 04:00:14.727,,L1 MT,,FAST_TIGER_LAKE_UP3_270UM_2X9,80187,,TCB713,2,727
Feed One Die,Dialog Item,,2022-07-17 02:14:16.600,,L1 MT,,FAST_TIGER_LAKE_UP3_270UM_2X9,80187,,TCB713,2,600
Feed One Die,Dialog Item,,2022-07-18 13:20:29.020,,L1 MT,,FAST_TIGER_LAKE_UP3_270UM_2X9,80187,,TCB713,2,20
Feed One Die,Dialog Item,,2022-07-13 19:26:45.447,,L1 MT,,FAST_TIGER_LAKE_UP3_270UM_2X9,80187,,TCB713,1,447
Feed One Die,Dialog Item,,2022-07-22 18:31:39.503,,luobin,,FAST_TIGER_LAKE_UP3_270UM_2X9,80187,,TCB713,1,503
Feed One Die,Dialog Item,,2022-07-22 18:32:35.190,,luobin,,FAST_TIGER_LAKE_UP3_270UM_2X9,80187,,TCB713,1,190
Feed One Die,Dialog Item,,2022-07-22 18:35:54.160,,luobin,,FAST_TIGER_LAKE_UP3_270UM_2X9,80592,,TCB713,1,160
Feed One Die,Dialog Item,,2022-07-22 18:38:07.070,,luobin,,FAST_TIGER_LAKE_UP3_270UM_2X9,80592,,TCB713,1,70
Feed One Die,Dialog Item,,2022-07-19 13:22:19.167,,L1 MT,,FAST_TIGER_LAKE_UP3_270UM_2X9,80187,,TCB713,2,167
Feed One Die,Dialog Item,,2022-07-19 13:39:53.227,,L1 MT,,FAST_TIGER_LAKE_UP3_270UM_2X9,80187,,TCB713,2,227
Feed One Die,Dialog Item,,2022-07-14 09:54:10.810,,L1 MT,,FAST_TIGER_LAKE_UP3_270UM_2X9,80187,,TCB713,3,810
Feed One Die,Dialog Item,,2022-07-14 16:51:56.247,,L1 MT,,FAST_TIGER_LAKE_UP3_270UM_2X9,80187,,TCB713,3,247
Feed One Die,Dialog Item,,2022-07-14 17:18:38.813,,L1 MT,,FAST_TIGER_LAKE_UP3_270UM_2X9,80187,,TCB713,3,813
Feed One Die,Dialog Item,,2022-07-18 08:37:19.373,,L1 MT,,FAST_TIGER_LAKE_UP3_270UM_2X9,80187,,TCB713,3,373
Feed One Die,Dialog Item,,2022-07-18 08:37:32.917,,L1 MT,,FAST_TIGER_LAKE_UP3_270UM_2X9,80187,,TCB713,3,917
Feed One Die,Dialog Item,,2022-07-18 08:37:54.020,,L1 MT,,FAST_TIGER_LAKE_UP3_270UM_2X9,80187,,TCB713,3,20
Feed One Die,Dialog Item,,2022-07-18 13:04:17.713,,L1 MT,,FAST_TIGER_LAKE_UP3_270UM_2X9,80187,,TCB713,3,713
Feed One Die,Dialog Item,,2022-07-18 17:23:15.127,,L1 MT,,FAST_TIGER_LAKE_UP3_270UM_2X9,80187,,TCB713,3,127
Feed One Die,Dialog Item,,2022-07-18 17:26:07.967,,L1 MT,,FAST_TIGER_LAKE_UP3_270UM_2X9,80187,,TCB713,3,967
Feed One Die,Dialog Item,,2022-07-18 17:26:15.160,,L1 MT,,FAST_TIGER_LAKE_UP3_270UM_2X9,80187,,TCB713,3,160
Feed One Die,Dialog Item,,2022-07-18 17:27:02.550,,L1 MT,,FAST_TIGER_LAKE_UP3_270UM_2X9,80187,,TCB713,3,550
Feed One Die,Dialog Item,,2022-07-21 13:36:13.447,,dev,,FAST_TIGER_LAKE_UP3_270UM_2X9,80187,,TCB713,2,447
Feed One Die,Dialog Item,,2022-07-21 13:36:21.457,,dev,,FAST_TIGER_LAKE_UP3_270UM_2X9,80187,,TCB713,2,457
Feed One Die,Dialog Item,,2022-07-21 13:40:25.727,,L1 MT,,FAST_TIGER_LAKE_UP3_270UM_2X9,80592,,TCB713,2,727
Feed One Die,Dialog Item,,2022-07-14 02:45:34.530,,L1 MT,,FAST_TIGER_LAKE_UP3_270UM_2X9,80187,,TCB713,2,530
Feed One Die,Dialog Item,,2022-07-22 07:00:41.353,,L1 MT,,FAST_TIGER_LAKE_UP3_270UM_2X9,80187,,TCB713,2,353
Feed One Die,Dialog Item,,2022-07-15 07:06:32.123,,L1 MT,,FAST_TIGER_LAKE_UP3_270UM_2X9,80187,,TCB713,4,123
Feed One Die,Dialog Item,,2022-07-20 11:49:22.737,,L1 MT,,FAST_TIGER_LAKE_UP3_270UM_2X9,80187,,TCB713,3,737
Feed One Die,Dialog Item,,2022-07-18 08:46:13.413,,L1 MT,,FAST_TIGER_LAKE_UP3_270UM_2X9,80187,,TCB713,4,413
Feed One Die,Dialog Item,,2022-07-18 12:33:56.743,,L1 MT,,FAST_TIGER_LAKE_UP3_270UM_2X9,80187,,TCB713,4,743
Feed One Die,Dialog Item,,2022-07-18 13:08:29.543,,L1 MT,,FAST_TIGER_LAKE_UP3_270UM_2X9,80187,,TCB713,4,543
Feed One Die,Dialog Item,,2022-07-20 22:57:28.233,,L1 MT,,FAST_TIGER_LAKE_UP3_270UM_2X9,80187,,TCB713,3,233
Feed One Die,Dialog Item,,2022-07-20 22:59:38.090,,L1 MT,,FAST_TIGER_LAKE_UP3_270UM_2X9,80187,,TCB713,3,90
Feed One Die,Dialog Item,,2022-07-21 06:15:50.000,,L1 MT,,FAST_TIGER_LAKE_UP3_270UM_2X9,80187,,TCB713,3,0
Feed One Die,Dialog Item,,2022-07-21 07:28:07.080,,L1 MT,,FAST_TIGER_LAKE_UP3_270UM_2X9,80187,,TCB713,3,80
Feed One Die,Dialog Item,,2022-07-21 16:03:01.953,,L1 MT,,FAST_TIGER_LAKE_UP3_270UM_2X9,80187,,TCB713,3,953
Feed One Die,Dialog Item,,2022-07-14 04:57:31.397,,L1 MT,,FAST_TIGER_LAKE_UP3_270UM_2X9,80187,,TCB713,3,397
Feed One Die,Dialog Item,,2022-07-22 11:30:25.513,,L1 MT,,FAST_TIGER_LAKE_UP3_270UM_2X9,80187,,TCB713,4,513
Feed One Die,Dialog Item,,2022-07-22 11:30:37.383,,L1 MT,,FAST_TIGER_LAKE_UP3_270UM_2X9,80187,,TCB713,4,383
Feed One Die,Dialog Item,,2022-07-22 11:43:50.760,,L1 MT,,FAST_TIGER_LAKE_UP3_270UM_2X9,80592,,TCB713,4,760
Feed One Die,Dialog Item,,2022-07-22 12:07:46.337,,L1 MT,,FAST_TIGER_LAKE_UP3_270UM_2X9,80592,,TCB713,4,337
Feed One Die,Dialog Item,,2022-07-14 22:13:35.173,,L1 MT,,FAST_TIGER_LAKE_UP3_270UM_2X9,80187,,TCB713,1,173
Feed One Die,Dialog Item,,2022-07-16 16:12:41.950,,L1 MT,,FAST_TIGER_LAKE_UP3_270UM_2X9,80059,,TCB713,3,950
Feed One Die,Dialog Item,,2022-07-20 23:04:19.973,,L1 MT,,FAST_TIGER_LAKE_UP3_270UM_2X9,80187,,TCB713,2,973
Feed One Die,Dialog Item,,2022-07-21 02:20:26.730,,L1 MT,,FAST_TIGER_LAKE_UP3_270UM_2X9,80187,,TCB713,4,730
Feed One Die,Dialog Item,,2022-07-21 06:10:06.727,,L1 MT,,FAST_TIGER_LAKE_UP3_270UM_2X9,80592,,TCB713,4,727
Feed One Die,Dialog Item,,2022-07-21 19:32:04.530,,L1 MT,,FAST_TIGER_LAKE_UP3_270UM_2X9,80187,,TCB713,2,530
Feed One Die,Dialog Item,,2022-07-21 19:32:17.023,,L1 MT,,FAST_TIGER_LAKE_UP3_270UM_2X9,80187,,TCB713,2,23
Feed One Die,Dialog Item,,2022-07-22 04:33:44.110,,wangting,,FAST_TIGER_LAKE_UP3_270UM_2X9,80592,,TCB713,3,110
Feed One Die,Dialog Item,,2022-07-22 04:33:57.020,,wangting,,FAST_TIGER_LAKE_UP3_270UM_2X9,80187,,TCB713,3,20
Feed One Die,Dialog Item,,2022-07-15 23:36:16.673,,L1 MT,,FAST_TIGER_LAKE_UP3_270UM_2X9,80187,,TCB710,1,673
Feed One Die,Dialog Item,,2022-07-16 21:59:16.387,,L1 MT,,FAST_TIGER_LAKE_UP3_270UM_2X9,80187,,TCB710,1,387
Feed One Die,Dialog Item,,2022-07-17 04:30:12.920,,L1 MT,,FAST_TIGER_LAKE_UP3_270UM_2X9,80187,,TCB710,1,920
Feed One Die,Dialog Item,,2022-07-18 07:28:39.653,,L1 MT,,FAST_TIGER_LAKE_UP3_270UM_2X9,80187,,TCB710,1,653
Feed One Die,Dialog Item,,2022-07-15 19:37:07.893,,L1 MT,,FAST_TIGER_LAKE_UP3_270UM_2X9,80187,,TCB710,2,893
Feed One Die,Dialog Item,,2022-07-15 23:41:46.267,,L1 MT,,FAST_TIGER_LAKE_UP3_270UM_2X9,80187,,TCB710,3,267
Feed One Die,Dialog Item,,2022-07-15 08:47:21.867,,xudahai,,FAST_TIGER_LAKE_UP3_270UM_2X9,80187,,TCB710,3,867
Feed One Die,Dialog Item,,2022-07-15 08:47:26.483,,xudahai,,FAST_TIGER_LAKE_UP3_270UM_2X9,80187,,TCB710,3,483
Feed One Die,Dialog Item,,2022-07-15 10:40:05.817,,L1 MT,,FAST_TIGER_LAKE_UP3_270UM_2X9,80187,,TCB710,3,817
Feed One Die,Dialog Item,,2022-07-15 15:01:46.940,,L1 MT,,FAST_TIGER_LAKE_UP3_270UM_2X9,80187,,TCB710,3,940
Feed One Die,Dialog Item,,2022-07-15 15:01:55.790,,L1 MT,,FAST_TIGER_LAKE_UP3_270UM_2X9,80187,,TCB710,3,790
Feed One Die,Dialog Item,,2022-07-15 17:41:35.243,,L1 MT,,FAST_TIGER_LAKE_UP3_270UM_2X9,80592,,TCB710,3,243
Feed One Die,Dialog Item,,2022-07-16 21:56:36.627,,L1 MT,,FAST_TIGER_LAKE_UP3_270UM_2X9,80187,,TCB710,3,627
Feed One Die,Dialog Item,,2022-07-14 21:17:48.210,,limingyang,,FAST_TIGER_LAKE_UP3_270UM_2X9,80187,,TCB710,1,210
Feed One Die,Dialog Item,,2022-07-14 21:18:11.447,,limingyang,,FAST_TIGER_LAKE_UP3_270UM_2X9,80187,,TCB710,1,447
Feed One Die,Dialog Item,,2022-07-14 21:29:19.657,,limingyang,,FAST_TIGER_LAKE_UP3_270UM_2X9,80592,,TCB710,1,657
Feed One Die,Dialog Item,,2022-07-14 21:44:26.177,,limingyang,,FAST_TIGER_LAKE_UP3_270UM_2X9,80592,,TCB710,1,177
Feed One Die,Dialog Item,,2022-07-14 21:08:58.013,,jiangwei,,FAST_TIGER_LAKE_UP3_270UM_2X9,80187,,TCB710,2,13
Feed One Die,Dialog Item,,2022-07-14 21:09:27.150,,jiangwei,,FAST_TIGER_LAKE_UP3_270UM_2X9,80187,,TCB710,2,150
Feed One Die,Dialog Item,,2022-07-15 06:11:10.537,,L1 MT,,FAST_TIGER_LAKE_UP3_270UM_2X9,80187,,TCB710,2,537
Feed One Die,Dialog Item,,2022-07-15 06:22:33.663,,limingyang,,FAST_TIGER_LAKE_UP3_270UM_2X9,80592,,TCB710,2,663
Feed One Die,Dialog Item,,2022-07-14 21:33:25.200,,wangxianming,,FAST_TIGER_LAKE_UP3_270UM_2X9,80187,,TCB710,3,200
Feed One Die,Dialog Item,,2022-07-14 21:53:40.633,,dev,,FAST_TIGER_LAKE_UP3_270UM_2X9,80592,,TCB710,3,633
Feed One Die,Dialog Item,,2022-07-15 05:57:16.060,,L1 MT,,FAST_TIGER_LAKE_UP3_270UM_2X9,80187,,TCB710,3,60
Feed One Die,Dialog Item,,2022-07-14 21:33:19.243,,zhangqi,,FAST_TIGER_LAKE_UP3_270UM_2X9,80592,,TCB710,4,243
Feed One Die,Dialog Item,,2022-07-14 21:35:46.070,,zhangqi,,FAST_TIGER_LAKE_UP3_270UM_2X9,80187,,TCB710,4,70
Feed One Die,Dialog Item,,2022-07-14 21:44:02.407,,zhangqi,,FAST_TIGER_LAKE_UP3_270UM_2X9,80592,,TCB710,4,407
Feed One Die,Dialog Item,,2022-07-21 03:19:05.027,,jianghongyong,,RPL_PX682_18UP_270UM,80187,,TCB710,1,27
Feed One Die,Dialog Item,,2022-07-21 03:29:26.180,,jianghongyong,,RPL_PX682_18UP_270UM,80187,,TCB710,1,180
Feed One Die,Dialog Item,,2022-07-16 11:56:38.567,,L1 MT,,FAST_TIGER_LAKE_UP3_270UM_2X9,80187,,TCB710,3,567
Feed One Die,Dialog Item,,2022-07-17 20:06:02.100,,L1 MT,,FAST_TIGER_LAKE_UP3_270UM_2X9,80187,,TCB710,1,100
Feed One Die,Dialog Item,,2022-07-17 20:06:04.343,,L1 MT,,FAST_TIGER_LAKE_UP3_270UM_2X9,80187,,TCB710,1,343
Feed One Die,Dialog Item,,2022-07-18 00:51:34.237,,L1 MT,,FAST_TIGER_LAKE_UP3_270UM_2X9,80187,,TCB710,1,237
Feed One Die,Dialog Item,,2022-07-17 19:45:02.067,,L1 MT,,FAST_TIGER_LAKE_UP3_270UM_2X9,80187,,TCB710,3,67
Feed One Die,Dialog Item,,2022-07-18 09:17:31.390,,luohuaili,,ALDER_LAKE_P682_263UM_16UP_PDFF,80187,,TCB704,1,390
Feed One Die,Dialog Item,,2022-07-18 17:19:48.907,,L1 MT,,ALDER_LAKE_P682_263UM_16UP_PDFF,80187,,TCB704,1,907
Feed One Die,Dialog Item,,2022-07-20 16:33:06.840,,L1 MT,,ALDER_LAKE_P682_263UM_16UP_PDFF,80187,,TCB704,1,840
Feed One Die,Dialog Item,,2022-07-22 21:58:27.153,,L1 MT,,ALDER_LAKE_P682_263UM_16UP_PDFF,80187,,TCB704,1,153
Feed One Die,Dialog Item,,2022-07-15 12:16:21.607,,fujinghua,,ALDER_LAKE_P682_263UM_16UP_PDFF,80592,,TCB704,3,607
Feed One Die,Dialog Item,,2022-07-22 22:37:59.000,,L1 MT,,ALDER_LAKE_P682_263UM_16UP_PDFF,80187,,TCB704,3,0
Feed One Die,Dialog Item,,2022-07-23 04:50:54.357,,L1 MT,,ALDER_LAKE_P682_263UM_16UP_PDFF,80187,,TCB704,4,357
Feed One Die,Dialog Item,,2022-07-18 19:15:52.140,,L1 MT,,ALDER_LAKE_P682_263UM_16UP_PDFF,80592,,TCB704,3,140
Feed One Die,Dialog Item,,2022-07-19 02:45:36.043,,liuyinglong,,ALDER_LAKE_P682_263UM_16UP_PDFF,80187,,TCB704,3,43
Feed One Die,Dialog Item,,2022-07-19 02:53:01.530,,liuyinglong,,ALDER_LAKE_P682_263UM_16UP_PDFF,80187,,TCB704,3,530
Feed One Die,Dialog Item,,2022-07-19 21:57:05.793,,L1 MT,,ALDER_LAKE_P682_263UM_16UP_PDFF,80187,,TCB704,1,793
Feed One Die,Dialog Item,,2022-07-16 03:02:10.890,,L1 MT,,ADL_P282_270UM,80187,,TCB702,1,890
Feed One Die,Dialog Item,,2022-07-14 07:43:31.463,,L1 MT,,ADL_P282_270UM,80187,,TCB702,1,463
Feed One Die,Dialog Item,,2022-07-14 08:56:16.467,,xudahai,,ADL_P282_270UM,80592,,TCB702,1,467
Feed One Die,Dialog Item,,2022-07-14 08:58:12.013,,xudahai,,ADL_P282_270UM,80094,,TCB702,1,13
Feed One Die,Dialog Item,,2022-07-17 01:34:26.797,,L1 MT,,ADL_P282_270UM,80187,,TCB702,1,797
Feed One Die,Dialog Item,,2022-07-18 11:01:16.577,,L1 MT,,ADL_P282_270UM,80187,,TCB702,1,577
Feed One Die,Dialog Item,,2022-07-19 10:52:23.893,,L1 MT,,ADL_P282_270UM,80059,,TCB702,1,893
Feed One Die,Dialog Item,,2022-07-19 10:52:50.187,,L1 MT,,ADL_P282_270UM,80059,,TCB702,1,187
Feed One Die,Dialog Item,,2022-07-19 12:58:05.890,,L1 MT,,ADL_P282_270UM,80187,,TCB702,1,890
Feed One Die,Dialog Item,,2022-07-17 05:41:30.947,,L1 MT,,ADL_P282_270UM,80187,,TCB702,2,947
Feed One Die,Dialog Item,,2022-07-17 02:24:23.860,,L1 MT,,ADL_P282_270UM,80187,,TCB702,3,860
Feed One Die,Dialog Item,,2022-07-17 03:52:42.170,,L1 MT,,ADL_P282_270UM,80187,,TCB702,3,170
Feed One Die,Dialog Item,,2022-07-21 13:29:59.153,,limimgyang,,ADL_P282_270UM,80187,,TCB702,2,153
Feed One Die,Dialog Item,,2022-07-21 13:37:37.353,,limimgyang,,ADL_P282_270UM,80592,,TCB702,2,353
Feed One Die,Dialog Item,,2022-07-21 13:39:22.420,,limimgyang,,ADL_P282_270UM,80592,,TCB702,2,420
Feed One Die,Dialog Item,,2022-07-19 10:06:32.123,,L1 MT,,ADL_P282_270UM,80187,,TCB702,3,123
Feed One Die,Dialog Item,,2022-07-19 10:08:02.467,,L1 MT,,ADL_P282_270UM,80187,,TCB702,3,467
Feed One Die,Dialog Item,,2022-07-15 21:29:38.137,,L1 MT,,ADL_P282_270UM,80187,,TCB702,4,137
Feed One Die,Dialog Item,,2022-07-15 21:31:02.730,,L1 MT,,ADL_P282_270UM,80187,,TCB702,4,730
Feed One Die,Dialog Item,,2022-07-22 14:10:50.843,,L1 MT,,ADL_P282_270UM,80187,,TCB702,4,843
Feed One Die,Dialog Item,,2022-07-14 22:45:05.530,,L1 MT,,ADL_P282_270UM,80187,,TCB702,1,530
Feed One Die,Dialog Item,,2022-07-14 22:54:19.450,,L1 MT,,ADL_P282_270UM,80187,,TCB702,4,450
Feed One Die,Dialog Item,,2022-07-15 04:15:37.053,,L1 MT,,ADL_P282_270UM,80187,,TCB702,4,53
Feed One Die,Dialog Item,,2022-07-17 07:00:24.650,,L1 MT,,ADL_P282_270UM,80187,,TCB702,2,650
Feed One Die,Dialog Item,,2022-07-17 07:22:09.570,,L1 MT,,ADL_P282_270UM,80187,,TCB702,2,570
Feed One Die,Dialog Item,,2022-07-18 19:30:38.003,,L1 MT,,ADL_P282_270UM,80187,,TCB702,1,3
Feed One Die,Dialog Item,,2022-07-18 23:07:54.983,,L1 MT,,ADL_P282_270UM,80187,,TCB702,1,983
Feed One Die,Dialog Item,,2022-07-19 04:24:54.153,,L1 MT,,ADL_P282_270UM,80187,,TCB702,3,153
Feed One Die,Dialog Item,,2022-07-19 05:45:03.033,,L1 MT,,ADL_P282_270UM,80187,,TCB702,3,33
Feed One Die,Dialog Item,,2022-07-20 03:51:48.097,,xudahai,,ADL_P282_270UM,80592,,TCB702,1,97
Feed One Die,Dialog Item,,2022-07-20 03:54:44.827,,xudahai,,ADL_P282_270UM,80592,,TCB702,1,827
Feed One Die,Dialog Item,,2022-07-20 19:11:12.983,,zhangchi,,ADL_P282_270UM,80187,,TCB702,1,983
Feed One Die,Dialog Item,,2022-07-20 19:11:24.437,,zhangchi,,ADL_P282_270UM,80187,,TCB702,1,437
Feed One Die,Dialog Item,,2022-07-21 03:56:18.700,,fujinghua,,ADL_P282_270UM,80187,,TCB702,1,700
Feed One Die,Dialog Item,,2022-07-20 19:13:43.280,,chenxi,,ADL_P282_270UM,80187,,TCB702,2,280
Feed One Die,Dialog Item,,2022-07-20 19:14:05.967,,chenxi,,ADL_P282_270UM,80187,,TCB702,2,967
Feed One Die,Dialog Item,,2022-07-21 04:35:12.890,,L1 MT,,ADL_P282_270UM,80187,,TCB702,2,890
Feed One Die,Dialog Item,,2022-07-21 03:17:29.123,,L1 MT,,ADL_P282_270UM,80187,,TCB702,3,123
Feed One Die,Dialog Item,,2022-07-21 03:18:04.687,,L1 MT,,ADL_P282_270UM,80187,,TCB702,3,687
Feed One Die,Dialog Item,,2022-07-21 03:20:05.327,,L1 MT,,ADL_P282_270UM,80187,,TCB702,3,327
Feed One Die,Dialog Item,,2022-07-21 03:23:55.590,,L1 MT,,ADL_P282_270UM,80187,,TCB702,4,590
Feed One Die,Dialog Item,,2022-07-21 04:24:23.043,,L1 MT,,ADL_P282_270UM,80187,,TCB702,4,43
Feed One Die,Dialog Item,,2022-07-15 17:28:27.827,,L1 MT,,ADL_P282_270UM,80187,,TCB705,1,827
Feed One Die,Dialog Item,,2022-07-13 23:29:47.060,,L1 MT,,ADL_P282_270UM,80187,,TCB705,2,60
Feed One Die,Dialog Item,,2022-07-14 02:26:16.683,,L1 MT,,ADL_P282_270UM,80187,,TCB705,4,683
Feed One Die,Dialog Item,,2022-07-15 19:52:09.780,,L1 MT,,ADL_P282_270UM,80187,,TCB705,2,780
Feed One Die,Dialog Item,,2022-07-15 17:38:39.280,,L1 MT,,ADL_P282_270UM,80187,,TCB705,2,280
Feed One Die,Dialog Item,,2022-07-21 11:25:57.590,,L1 MT,,ADL_P282_270UM,80187,,TCB705,1,590
Feed One Die,Dialog Item,,2022-07-22 16:19:06.780,,L1 MT,,ADL_P282_270UM,80187,,TCB705,1,780
Feed One Die,Dialog Item,,2022-07-19 10:51:59.687,,L1 MT,,ADL_P282_270UM,80187,,TCB705,2,687
Feed One Die,Dialog Item,,2022-07-19 10:52:05.967,,L1 MT,,ADL_P282_270UM,80187,,TCB705,2,967
Feed One Die,Dialog Item,,2022-07-15 13:00:44.593,,L1 MT,,ADL_P282_270UM,80187,,TCB705,3,593
Feed One Die,Dialog Item,,2022-07-15 18:00:31.500,,L1 MT,,ADL_P282_270UM,80187,,TCB705,3,500
Feed One Die,Dialog Item,,2022-07-15 18:02:39.093,,L1 MT,,ADL_P282_270UM,80187,,TCB705,3,93
Feed One Die,Dialog Item,,2022-07-15 18:11:19.327,,L1 MT,,ADL_P282_270UM,80187,,TCB705,3,327
Feed One Die,Dialog Item,,2022-07-21 14:28:13.763,,L1 MT,,ADL_P282_270UM,80187,,TCB705,2,763
Feed One Die,Dialog Item,,2022-07-13 23:29:47.060,,L1 MT,,ADL_P282_270UM,80187,,TCB705,2,60
Feed One Die,Dialog Item,,2022-07-22 17:11:02.123,,L1 MT,,ADL_P282_270UM,80187,,TCB705,2,123
Feed One Die,Dialog Item,,2022-07-15 22:17:15.030,,L1 MT,,ADL_P282_270UM,80187,,TCB705,4,30
Feed One Die,Dialog Item,,2022-07-15 23:09:43.780,,L1 MT,,ADL_P282_270UM,80187,,TCB705,4,780
Feed One Die,Dialog Item,,2022-07-22 13:46:01.530,,shujun,,ADL_P282_270UM,80187,,TCB705,3,530
Feed One Die,Dialog Item,,2022-07-22 13:46:38.600,,shujun,,ADL_P282_270UM,80187,,TCB705,3,600
Feed One Die,Dialog Item,,2022-07-22 13:47:31.000,,shujun,,ADL_P282_270UM,80592,,TCB705,3,0
Feed One Die,Dialog Item,,2022-07-22 13:50:41.733,,shujun,,ADL_P282_270UM,80592,,TCB705,3,733
Feed One Die,Dialog Item,,2022-07-14 20:16:23.107,,L1 MT,,ADL_P282_270UM,80187,,TCB705,2,107
Feed One Die,Dialog Item,,2022-07-14 20:05:04.390,,L1 MT,,ADL_P282_270UM,80187,,TCB705,4,390
Feed One Die,Dialog Item,,2022-07-14 02:26:16.683,,L1 MT,,ADL_P282_270UM,80187,,TCB705,4,683
Feed One Die,Dialog Item,,2022-07-22 17:31:59.530,,jiangwei,,ADL_P282_270UM,80187,,TCB705,4,530
Feed One Die,Dialog Item,,2022-07-22 17:32:35.890,,jiangwei,,ADL_P282_270UM,80187,,TCB705,4,890
Feed One Die,Dialog Item,,2022-07-16 08:34:18.903,,L1 MT,,ADL_P282_270UM,80187,,TCB705,1,903
Feed One Die,Dialog Item,,2022-07-16 15:22:33.607,,L1 MT,,ADL_P282_270UM,80187,,TCB705,1,607
Feed One Die,Dialog Item,,2022-07-16 08:06:08.500,,L1 MT,,ADL_P282_270UM,80187,,TCB705,2,500
Feed One Die,Dialog Item,,2022-07-16 09:47:29.937,,L1 MT,,ADL_P282_270UM,80187,,TCB705,2,937
Feed One Die,Dialog Item,,2022-07-16 11:04:24.140,,L1 MT,,ADL_P282_270UM,80187,,TCB705,2,140
Feed One Die,Dialog Item,,2022-07-16 08:37:10.063,,L1 MT,,ADL_P282_270UM,80187,,TCB705,3,63
Feed One Die,Dialog Item,,2022-07-16 12:01:43.077,,L1 MT,,ADL_P282_270UM,80187,,TCB705,3,77
Feed One Die,Dialog Item,,2022-07-16 14:36:27.280,,L1 MT,,ADL_P282_270UM,80187,,TCB705,3,280
Feed One Die,Dialog Item,,2022-07-16 14:36:36.817,,L1 MT,,ADL_P282_270UM,80187,,TCB705,3,817
Feed One Die,Dialog Item,,2022-07-16 12:50:49.250,,L1 MT,,ADL_P282_270UM,80187,,TCB705,4,250
Feed One Die,Dialog Item,,2022-07-22 05:31:27.657,,L1 MT,,ADL_P282_270UM,80187,,TCB705,1,657
Feed One Die,Dialog Item,,2022-07-22 01:58:06.717,,L1 MT,,ADL_P282_270UM,80187,,TCB705,2,717
Feed One Die,Dialog Item,,2022-07-17 07:21:27.810,,L1 MT,,ADL_P282_270UM,80187,,TCB705,2,810
Feed One Die,Dialog Item,,2022-07-17 07:21:48.123,,L1 MT,,ADL_P282_270UM,80187,,TCB705,2,123
Feed One Die,Dialog Item,,2022-07-17 07:22:25.700,,L1 MT,,ADL_P282_270UM,80187,,TCB705,2,700
Feed One Die,Dialog Item,,2022-07-20 02:49:58.327,,L1 MT,,ADL_P282_270UM,80187,,TCB705,1,327
Feed One Die,Dialog Item,,2022-07-14 00:41:00.123,,jiangwei,,ALDER_LAKE_P682_263UM_16UP_PDFF,80187,,TCB708,2,123
Feed One Die,Dialog Item,,2022-07-18 16:00:41.220,,liaoyu,,ALDER_LAKE_P682_263UM_16UP_PDFF,80187,,TCB708,1,220
Feed One Die,Dialog Item,,2022-07-18 16:06:17.823,,liaoyu,,ALDER_LAKE_P682_263UM_16UP_PDFF,80592,,TCB708,1,823
Feed One Die,Dialog Item,,2022-07-14 00:42:52.780,,zhangchi,,ALDER_LAKE_P682_263UM_16UP_PDFF,80187,,TCB708,4,780
Feed One Die,Dialog Item,,2022-07-14 00:43:10.810,,zhangchi,,ALDER_LAKE_P682_263UM_16UP_PDFF,80187,,TCB708,4,810
Feed One Die,Dialog Item,,2022-07-19 14:09:45.813,,L1 MT,,ALDER_LAKE_P682_263UM_16UP_PDFF,80187,,TCB708,1,813
Feed One Die,Dialog Item,,2022-07-14 16:38:49.040,,L1 MT,,ALDER_LAKE_P682_263UM_16UP_PDFF,80187,,TCB708,2,40
Feed One Die,Dialog Item,,2022-07-15 09:06:44.607,,L1 MT,,ALDER_LAKE_P682_263UM_16UP_PDFF,80187,,TCB708,2,607
Feed One Die,Dialog Item,,2022-07-15 23:39:46.577,,L1 MT,,ALDER_LAKE_P682_263UM_16UP_PDFF,80187,,TCB708,2,577
Feed One Die,Dialog Item,,2022-07-18 15:18:19.233,,jianghongyong,,ALDER_LAKE_P682_263UM_16UP_PDFF,80187,,TCB708,2,233
Feed One Die,Dialog Item,,2022-07-18 15:25:12.140,,jianghongyong,,ALDER_LAKE_P682_263UM_16UP_PDFF,80187,,TCB708,2,140
Feed One Die,Dialog Item,,2022-07-22 21:38:03.653,,wangjiazhi,,FAST_Icicle_Creek_500UM,80187,,TCB708,1,653
Feed One Die,Dialog Item,,2022-07-14 17:29:20.293,,L1 MT,,ALDER_LAKE_P682_263UM_16UP_PDFF,80187,,TCB708,3,293
Feed One Die,Dialog Item,,2022-07-14 15:49:45.810,,L1 MT,,ALDER_LAKE_P682_263UM_16UP_PDFF,80187,,TCB708,4,810
Feed One Die,Dialog Item,,2022-07-14 15:50:42.513,,L1 MT,,ALDER_LAKE_P682_263UM_16UP_PDFF,80187,,TCB708,4,513
Feed One Die,Dialog Item,,2022-07-14 00:41:00.123,,jiangwei,,ALDER_LAKE_P682_263UM_16UP_PDFF,80187,,TCB708,2,123
Feed One Die,Dialog Item,,2022-07-19 08:25:29.060,,L1 MT,,ALDER_LAKE_P682_263UM_16UP_PDFF,80059,,TCB708,3,60
Feed One Die,Dialog Item,,2022-07-19 11:43:08.090,,L1 MT,,ALDER_LAKE_P682_263UM_16UP_PDFF,80187,,TCB708,3,90
Feed One Die,Dialog Item,,2022-07-19 11:43:14.717,,L1 MT,,ALDER_LAKE_P682_263UM_16UP_PDFF,80187,,TCB708,3,717
Feed One Die,Dialog Item,,2022-07-19 12:08:16.170,,L1 MT,,ALDER_LAKE_P682_263UM_16UP_PDFF,80187,,TCB708,3,170
Feed One Die,Dialog Item,,2022-07-19 16:23:12.340,,L1 MT,,ALDER_LAKE_P682_263UM_16UP_PDFF,80187,,TCB708,3,340
Feed One Die,Dialog Item,,2022-07-19 00:05:02.200,,L1 MT,,ALDER_LAKE_P682_263UM_16UP_PDFF,80187,,TCB708,3,200
Feed One Die,Dialog Item,,2022-07-15 23:34:24.293,,L1 MT,,ALDER_LAKE_P682_263UM_16UP_PDFF,80187,,TCB708,4,293
Feed One Die,Dialog Item,,2022-07-22 21:38:12.430,,jianghongyong,,FAST_Icicle_Creek_500UM,80187,,TCB708,2,430
Feed One Die,Dialog Item,,2022-07-20 23:52:16.153,,L1 MT,,ALDER_LAKE_P682_263UM_16UP_PDFF,80187,,TCB708,3,153
Feed One Die,Dialog Item,,2022-07-19 11:42:30.340,,L1 MT,,ALDER_LAKE_P682_263UM_16UP_PDFF,80187,,TCB708,4,340
Feed One Die,Dialog Item,,2022-07-22 21:44:35.623,,jianghongyong,,FAST_Icicle_Creek_500UM,80187,,TCB708,3,623
Feed One Die,Dialog Item,,2022-07-22 21:48:11.037,,jianghongyong,,FAST_Icicle_Creek_500UM,80592,,TCB708,3,37
Feed One Die,Dialog Item,,2022-07-22 21:49:21.123,,jianghongyong,,FAST_Icicle_Creek_500UM,80592,,TCB708,3,123
Feed One Die,Dialog Item,,2022-07-18 20:01:37.833,,L1 MT,,ALDER_LAKE_P682_263UM_16UP_PDFF,80187,,TCB708,1,833
Feed One Die,Dialog Item,,2022-07-19 06:23:47.090,,L1 MT,,ALDER_LAKE_P682_263UM_16UP_PDFF,80187,,TCB708,2,90
Feed One Die,Dialog Item,,2022-07-19 06:44:29.833,,L1 MT,,ALDER_LAKE_P682_263UM_16UP_PDFF,80187,,TCB708,2,833
Feed One Die,Dialog Item,,2022-07-16 22:00:28.880,,L1 MT,,ALDER_LAKE_P682_263UM_16UP_PDFF,80187,,TCB708,4,880
Feed One Die,Dialog Item,,2022-07-18 14:58:16.280,,chenxi,,ALDER_LAKE_P682_263UM_16UP_PDFF,80187,,TCB708,4,280
Feed One Die,Dialog Item,,2022-07-18 14:58:54.123,,chenxi,,ALDER_LAKE_P682_263UM_16UP_PDFF,80187,,TCB708,4,123
Feed One Die,Dialog Item,,2022-07-19 22:44:07.250,,L1 MT,,ALDER_LAKE_P682_263UM_16UP_PDFF,80187,,TCB708,1,250
Feed One Die,Dialog Item,,2022-07-19 22:44:25.707,,L1 MT,,ALDER_LAKE_P682_263UM_16UP_PDFF,80187,,TCB708,1,707
Feed One Die,Dialog Item,,2022-07-20 03:24:03.103,,L1 MT,,ALDER_LAKE_P682_263UM_16UP_PDFF,80187,,TCB708,1,103
Feed One Die,Dialog Item,,2022-07-19 20:49:58.550,,L1 MT,,ALDER_LAKE_P682_263UM_16UP_PDFF,80187,,TCB708,2,550
Feed One Die,Dialog Item,,2022-07-19 20:51:26.963,,L1 MT,,ALDER_LAKE_P682_263UM_16UP_PDFF,80187,,TCB708,2,963
Feed One Die,Dialog Item,,2022-07-19 20:52:51.263,,L1 MT,,ALDER_LAKE_P682_263UM_16UP_PDFF,80187,,TCB708,2,263
Feed One Die,Dialog Item,,2022-07-19 20:52:56.233,,L1 MT,,ALDER_LAKE_P682_263UM_16UP_PDFF,80187,,TCB708,2,233
Feed One Die,Dialog Item,,2022-07-20 02:41:49.950,,L1 MT,,ALDER_LAKE_P682_263UM_16UP_PDFF,80187,,TCB708,2,950
Feed One Die,Dialog Item,,2022-07-20 03:30:07.000,,L1 MT,,ALDER_LAKE_P682_263UM_16UP_PDFF,80187,,TCB708,2,0
Feed One Die,Dialog Item,,2022-07-19 20:20:59.700,,L1 MT,,ALDER_LAKE_P682_263UM_16UP_PDFF,80187,,TCB708,3,700
Feed One Die,Dialog Item,,2022-07-20 01:13:40.310,,L1 MT,,ALDER_LAKE_P682_263UM_16UP_PDFF,80187,,TCB708,3,310
Feed One Die,Dialog Item,,2022-07-20 02:34:56.993,,L1 MT,,ALDER_LAKE_P682_263UM_16UP_PDFF,80187,,TCB708,3,993
Feed One Die,Dialog Item,,2022-07-19 21:26:16.733,,L1 MT,,ALDER_LAKE_P682_263UM_16UP_PDFF,80187,,TCB708,4,733
Feed One Die,Dialog Item,,2022-07-20 01:15:54.017,,L1 MT,,ALDER_LAKE_P682_263UM_16UP_PDFF,80187,,TCB708,4,17
Feed One Die,Dialog Item,,2022-07-20 23:30:57.717,,L1 MT,,ALDER_LAKE_P682_263UM_16UP_PDFF,80187,,TCB708,4,717
Feed One Die,Dialog Item,,2022-07-13 20:11:04.017,,wangting,,FAST_TIGER_LAKE_UP3_270UM_2X9,80187,,TCB711,2,17
Feed One Die,Dialog Item,,2022-07-13 21:30:22.787,,wangting,,FAST_TIGER_LAKE_UP3_270UM_2X9,80187,,TCB711,2,787
Feed One Die,Dialog Item,,2022-07-14 05:00:28.210,,jiangwei,,RPL_P282_270UM,80187,,TCB711,2,210
Feed One Die,Dialog Item,,2022-07-14 06:43:44.343,,L1 MT,,RPL_P282_270UM,80187,,TCB711,2,343
Feed One Die,Dialog Item,,2022-07-14 06:43:47.233,,L1 MT,,RPL_P282_270UM,80187,,TCB711,2,233
Feed One Die,Dialog Item,,2022-07-13 19:48:20.837,,L1 MT,,FAST_TIGER_LAKE_UP3_270UM_2X9,80059,,TCB711,4,837
Feed One Die,Dialog Item,,2022-07-21 12:17:13.583,,limingyang,,RPL_P282_270UM,80187,,TCB711,1,583
Feed One Die,Dialog Item,,2022-07-21 12:22:48.817,,limingyang,,RPL_P282_270UM,80592,,TCB711,1,817
Feed One Die,Dialog Item,,2022-07-21 12:25:53.840,,limingyang,,RPL_P282_270UM,80592,,TCB711,1,840
Feed One Die,Dialog Item,,2022-07-21 14:26:14.470,,L1 MT,,RPL_P282_270UM,80187,,TCB711,1,470
Feed One Die,Dialog Item,,2022-07-22 21:08:39.810,,L1 MT,,RPL_P282_270UM,80187,,TCB711,1,810
Feed One Die,Dialog Item,,2022-07-22 21:15:09.180,,L1 MT,,RPL_P282_270UM,80187,,TCB711,1,180
Feed One Die,Dialog Item,,2022-07-22 21:16:18.643,,L1 MT,,RPL_P282_270UM,80187,,TCB711,1,643
Feed One Die,Dialog Item,,2022-07-23 01:37:39.560,,L1 MT,,RPL_P282_270UM,80187,,TCB711,1,560
Feed One Die,Dialog Item,,2022-07-20 11:29:29.020,,L1 MT,,ADL_P282_270UM,80187,,TCB711,2,20
Feed One Die,Dialog Item,,2022-07-20 11:37:21.763,,L1 MT,,ADL_P282_270UM,80592,,TCB711,2,763
Feed One Die,Dialog Item,,2022-07-20 11:56:13.743,,L1 MT,,ADL_P282_270UM,80187,,TCB711,2,743
Feed One Die,Dialog Item,,2022-07-21 18:54:37.403,,zhangqi,,RPL_P282_270UM,80187,,TCB711,3,403
Feed One Die,Dialog Item,,2022-07-22 12:30:15.773,,L1 MT,,RPL_P282_270UM,80187,,TCB711,2,773
Feed One Die,Dialog Item,,2022-07-13 20:11:04.017,,wangting,,FAST_TIGER_LAKE_UP3_270UM_2X9,80187,,TCB711,2,17
Feed One Die,Dialog Item,,2022-07-13 21:30:22.787,,wangting,,FAST_TIGER_LAKE_UP3_270UM_2X9,80187,,TCB711,2,787
Feed One Die,Dialog Item,,2022-07-14 05:00:28.210,,jiangwei,,RPL_P282_270UM,80187,,TCB711,2,210
Feed One Die,Dialog Item,,2022-07-14 06:43:44.343,,L1 MT,,RPL_P282_270UM,80187,,TCB711,2,343
Feed One Die,Dialog Item,,2022-07-14 06:43:47.233,,L1 MT,,RPL_P282_270UM,80187,,TCB711,2,233
Feed One Die,Dialog Item,,2022-07-23 01:13:21.390,,L1 MT,,RPL_P282_270UM,80187,,TCB711,2,390
Feed One Die,Dialog Item,,2022-07-23 01:48:48.240,,L1 MT,,RPL_P282_270UM,80187,,TCB711,2,240
Feed One Die,Dialog Item,,2022-07-23 01:52:48.760,,L1 MT,,RPL_P282_270UM,80187,,TCB711,2,760
Feed One Die,Dialog Item,,2022-07-23 01:53:04.623,,L1 MT,,RPL_P282_270UM,80187,,TCB711,2,623
Feed One Die,Dialog Item,,2022-07-23 03:16:54.540,,L1 MT,,RPL_P282_270UM,80187,,TCB711,2,540
Feed One Die,Dialog Item,,2022-07-21 12:19:34.193,,wangxianming,,RPL_P282_270UM,80187,,TCB711,4,193
Feed One Die,Dialog Item,,2022-07-21 12:19:45.240,,wangxianming,,RPL_P282_270UM,80187,,TCB711,4,240
Feed One Die,Dialog Item,,2022-07-21 12:20:37.953,,wangxianming,,RPL_P282_270UM,80592,,TCB711,4,953
Feed One Die,Dialog Item,,2022-07-21 12:33:20.400,,wangxianming,,RPL_P282_270UM,80592,,TCB711,4,400
Feed One Die,Dialog Item,,2022-07-21 12:35:03.233,,wangxianming,,RPL_P282_270UM,80592,,TCB711,4,233
Feed One Die,Dialog Item,,2022-07-21 13:42:13.180,,zhangqi,,RPL_P282_270UM,80592,,TCB711,4,180
Feed One Die,Dialog Item,,2022-07-21 14:22:56.213,,L1 MT,,RPL_P282_270UM,80187,,TCB711,4,213
Feed One Die,Dialog Item,,2022-07-23 02:19:29.697,,L1 MT,,RPL_P282_270UM,80187,,TCB711,3,697
Feed One Die,Dialog Item,,2022-07-23 02:19:41.860,,L1 MT,,RPL_P282_270UM,80187,,TCB711,3,860
Feed One Die,Dialog Item,,2022-07-22 10:41:20.750,,zhangqi,,RPL_P282_270UM,80592,,TCB711,3,750
Feed One Die,Dialog Item,,2022-07-19 22:18:03.240,,L1 MT,,ADL_P282_270UM,80592,,TCB711,4,240
Feed One Die,Dialog Item,,2022-07-19 22:19:23.033,,L1 MT,,ADL_P282_270UM,80592,,TCB711,4,33
Feed One Die,Dialog Item,,2022-07-21 20:15:26.647,,L1 MT,,RPL_P282_270UM,80187,,TCB711,1,647
Feed One Die,Dialog Item,,2022-07-22 05:16:46.957,,L1 MT,,RPL_P282_270UM,80187,,TCB711,1,957
Feed One Die,Dialog Item,,2022-07-14 20:30:36.117,,shujun,,RPL_P282_270UM,80592,,TCB711,3,117
Feed One Die,Dialog Item,,2022-07-14 20:32:25.513,,shujun,,RPL_P282_270UM,80592,,TCB711,3,513
Feed One Die,Dialog Item,,2022-07-20 22:42:10.813,,L1 MT,,ADL_P282_270UM,80187,,TCB711,1,813
Feed One Die,Dialog Item,,2022-07-20 23:10:39.910,,L1 MT,,ADL_P282_270UM,80187,,TCB711,1,910
Feed One Die,Dialog Item,,2022-07-21 02:43:10.640,,L1 MT,,ADL_P282_270UM,80187,,TCB711,1,640
Feed One Die,Dialog Item,,2022-07-20 19:53:44.390,,L1 MT,,ADL_P282_270UM,80187,,TCB711,2,390
Feed One Die,Dialog Item,,2022-07-21 03:44:48.140,,L1 MT,,ADL_P282_270UM,80187,,TCB711,2,140
Feed One Die,Dialog Item,,2022-07-21 19:10:14.100,,zhangqi,,RPL_P282_270UM,80592,,TCB711,3,100
Feed One Die,Dialog Item,,2022-07-21 19:11:37.493,,zhangqi,,RPL_P282_270UM,80592,,TCB711,3,493
Feed One Die,Dialog Item,,2022-07-19 21:22:27.603,,liguochun,,ADL_P282_270UM,80187,,TCB711,1,603
Feed One Die,Dialog Item,,2022-07-19 21:24:57.763,,liguochun,,ADL_P282_270UM,80187,,TCB711,1,763
Feed One Die,Dialog Item,,2022-07-19 20:37:33.420,,L1 MT,,ADL_P282_270UM,80187,,TCB711,2,420
Feed One Die,Dialog Item,,2022-07-14 07:44:55.277,,L1 MT,,ADL_P282_270UM,80187,,TCB714,1,277
Feed One Die,Dialog Item,,2022-07-14 07:50:55.277,,L1 MT,,ADL_P282_270UM,80187,,TCB714,1,277
Feed One Die,Dialog Item,,2022-07-14 08:41:04.980,,L1 MT,,ADL_P282_270UM,80187,,TCB714,1,980
Feed One Die,Dialog Item,,2022-07-14 15:49:08.933,,L1 MT,,ADL_P282_270UM,80187,,TCB714,1,933
Feed One Die,Dialog Item,,2022-07-17 00:09:00.287,,L1 MT,,ADL_P282_270UM,80187,,TCB714,1,287
Feed One Die,Dialog Item,,2022-07-17 02:30:19.150,,L1 MT,,ADL_P282_270UM,80187,,TCB714,1,150
Feed One Die,Dialog Item,,2022-07-15 01:04:17.497,,L1 MT,,ADL_P282_270UM,80187,,TCB714,2,497
Feed One Die,Dialog Item,,2022-07-16 20:07:06.670,,L1 MT,,ADL_P282_270UM,80187,,TCB714,2,670
Feed One Die,Dialog Item,,2022-07-16 21:34:25.717,,L1 MT,,ADL_P282_270UM,80187,,TCB714,2,717
Feed One Die,Dialog Item,,2022-07-13 23:54:37.780,,L1 MT,,ADL_P282_270UM,80187,,TCB714,3,780
Feed One Die,Dialog Item,,2022-07-14 06:23:06.833,,L1 MT,,ADL_P282_270UM,80187,,TCB714,3,833
Feed One Die,Dialog Item,,2022-07-14 08:40:39.717,,L1 MT,,ADL_P282_270UM,80187,,TCB714,3,717
Feed One Die,Dialog Item,,2022-07-16 04:06:29.893,,L1 MT,,ADL_P282_270UM,80187,,TCB714,4,893
Feed One Die,Dialog Item,,2022-07-20 07:40:41.420,,L1 MT,,ADL_P282_270UM,80187,,TCB714,4,420
Feed One Die,Dialog Item,,2022-07-20 09:15:24.250,,L1 MT,,ADL_P282_270UM,80187,,TCB714,4,250
Feed One Die,Dialog Item,,2022-07-16 22:33:08.687,,L1 MT,,ADL_P282_270UM,80187,,TCB714,3,687
Feed One Die,Dialog Item,,2022-07-16 22:33:11.480,,L1 MT,,ADL_P282_270UM,80187,,TCB714,3,480
Feed One Die,Dialog Item,,2022-07-17 00:52:23.950,,L1 MT,,ADL_P282_270UM,80187,,TCB714,3,950
Feed One Die,Dialog Item,,2022-07-17 00:53:47.793,,L1 MT,,ADL_P282_270UM,80187,,TCB714,3,793
Feed One Die,Dialog Item,,2022-07-14 09:32:26.403,,L1 MT,,ADL_P282_270UM,80187,,TCB714,4,403
Feed One Die,Dialog Item,,2022-07-14 09:32:37.530,,L1 MT,,ADL_P282_270UM,80187,,TCB714,4,530
Feed One Die,Dialog Item,,2022-07-14 13:54:26.903,,L1 MT,,ADL_P282_270UM,80187,,TCB714,4,903
Feed One Die,Dialog Item,,2022-07-14 14:58:43.263,,L1 MT,,ADL_P282_270UM,80187,,TCB714,4,263
Feed One Die,Dialog Item,,2022-07-14 14:58:53.530,,L1 MT,,ADL_P282_270UM,80187,,TCB714,4,530
Feed One Die,Dialog Item,,2022-07-14 16:15:11.170,,L1 MT,,ADL_P282_270UM,80187,,TCB714,4,170
Feed One Die,Dialog Item,,2022-07-14 16:15:28.450,,L1 MT,,ADL_P282_270UM,80187,,TCB714,4,450
Feed One Die,Dialog Item,,2022-07-15 11:12:22.327,,L1 MT,,ADL_P282_270UM,80187,,TCB714,4,327
Feed One Die,Dialog Item,,2022-07-13 21:13:19.187,,L1 MT,,ADL_P282_270UM,80187,,TCB714,4,187
Feed One Die,Dialog Item,,2022-07-14 05:37:05.840,,L1 MT,,ADL_P282_270UM,80187,,TCB714,4,840
Feed One Die,Dialog Item,,2022-07-16 21:46:37.927,,L1 MT,,ADL_P282_270UM,80187,,TCB714,4,927
Feed One Die,Dialog Item,,2022-07-17 02:35:41.000,,L1 MT,,ADL_P282_270UM,80187,,TCB714,4,0
Feed One Die,Dialog Item,,2022-07-13 20:42:50.770,,L1 MT,,ADL_P282_270UM,80187,,TCB714,1,770
Feed One Die,Dialog Item,,2022-07-13 21:21:14.153,,L1 MT,,ADL_P282_270UM,80187,,TCB714,1,153
Feed One Die,Dialog Item,,2022-07-13 23:35:52.720,,L1 MT,,ADL_P282_270UM,80187,,TCB714,1,720
Feed One Die,Dialog Item,,2022-07-14 01:23:37.373,,L1 MT,,ADL_P282_270UM,80187,,TCB714,2,373
Feed One Die,Dialog Item,,2022-07-13 21:13:19.187,,L1 MT,,ADL_P282_270UM,80187,,TCB714,4,187
Feed One Die,Dialog Item,,2022-07-14 05:37:05.840,,L1 MT,,ADL_P282_270UM,80187,,TCB714,4,840
Feed One Die,Dialog Item,,2022-07-15 01:00:06.437,,L1 MT,,ADL_P282_270UM,80187,,TCB714,4,437
Feed One Die,Dialog Item,,2022-07-15 01:05:13.513,,L1 MT,,ADL_P282_270UM,80187,,TCB714,4,513
Feed One Die,Dialog Item,,2022-07-15 01:04:17.497,,L1 MT,,ADL_P282_270UM,80187,,TCB714,2,497
Feed One Die,Dialog Item,,2022-07-14 01:23:37.373,,L1 MT,,ADL_P282_270UM,80187,,TCB714,2,373
Feed One Die,Dialog Item,,2022-07-20 07:50:10.827,,L1 MT,,ADL_P282_270UM,80187,,TCB714,1,827
Feed One Die,Dialog Item,,2022-07-20 09:25:33.950,,L1 MT,,ADL_P282_270UM,80187,,TCB714,1,950
Feed One Die,Dialog Item,,2022-07-20 10:32:56.310,,L1 MT,,ADL_P282_270UM,80187,,TCB714,1,310
Feed One Die,Dialog Item,,2022-07-20 10:32:59.857,,L1 MT,,ADL_P282_270UM,80187,,TCB714,1,857
Feed One Die,Dialog Item,,2022-07-20 11:43:04.903,,L1 MT,,ADL_P282_270UM,80187,,TCB714,1,903
Feed One Die,Dialog Item,,2022-07-20 15:06:33.763,,L1 MT,,ADL_P282_270UM,80187,,TCB714,1,763
Feed One Die,Dialog Item,,2022-07-20 16:06:18.467,,L1 MT,,ADL_P282_270UM,80187,,TCB714,1,467
Feed One Die,Dialog Item,,2022-07-19 19:58:55.950,,L1 MT,,ADL_P282_270UM,80187,,TCB714,3,950
Feed One Die,Dialog Item,,2022-07-19 22:40:55.527,,L1 MT,,ADL_P282_270UM,80187,,TCB714,3,527
Feed One Die,Dialog Item,,2022-07-20 05:26:11.217,,L1 MT,,ADL_P282_270UM,80187,,TCB714,3,217
Feed One Die,Dialog Item,,2022-07-20 21:45:17.263,,L1 MT,,ADL_P282_270UM,80187,,TCB714,4,263
Feed One Die,Dialog Item,,2022-07-21 01:07:07.250,,L1 MT,,ADL_P282_270UM,80187,,TCB714,4,250
Feed One Die,Dialog Item,,2022-07-21 03:23:58.670,,L1 MT,,ADL_P282_270UM,80187,,TCB714,4,670
Feed One Die,Dialog Item,,2022-07-13 20:42:50.770,,L1 MT,,ADL_P282_270UM,80187,,TCB714,1,770
Feed One Die,Dialog Item,,2022-07-13 21:21:14.153,,L1 MT,,ADL_P282_270UM,80187,,TCB714,1,153
Feed One Die,Dialog Item,,2022-07-13 23:35:52.720,,L1 MT,,ADL_P282_270UM,80187,,TCB714,1,720
Feed One Die,Dialog Item,,2022-07-22 06:02:34.717,,L1 MT,,ADL_P282_270UM,80059,,TCB714,3,717
Feed One Die,Dialog Item,,2022-07-19 16:04:38.187,,L1 MT,,ADL_RPL_S81_14UP_370UM,80187,,TCB703,1,187
Feed One Die,Dialog Item,,2022-07-21 10:47:21.090,,L1 MT,,ADL_RPL_S81_14UP_370UM,80187,,TCB703,1,90
Feed One Die,Dialog Item,,2022-07-19 18:20:36.500,,L1 MT,,ADL_RPL_S81_14UP_370UM,80187,,TCB703,2,500
Feed One Die,Dialog Item,,2022-07-19 18:21:37.373,,L1 MT,,ADL_RPL_S81_14UP_370UM,80187,,TCB703,2,373
Feed One Die,Dialog Item,,2022-07-15 07:05:35.733,,L1 MT,,ADL_RPL_S81_14UP_370UM,80592,,TCB703,3,733
Feed One Die,Dialog Item,,2022-07-22 08:50:52.750,,L1 MT,,ADL_RPL_S81_14UP_370UM,80187,,TCB703,2,750
Feed One Die,Dialog Item,,2022-07-22 09:13:28.420,,L1 MT,,ADL_RPL_S81_14UP_370UM,80187,,TCB703,2,420
Feed One Die,Dialog Item,,2022-07-22 09:13:31.000,,L1 MT,,ADL_RPL_S81_14UP_370UM,80187,,TCB703,2,0
Feed One Die,Dialog Item,,2022-07-22 12:12:15.590,,L1 MT,,ADL_RPL_S81_14UP_370UM,80187,,TCB703,2,590
Feed One Die,Dialog Item,,2022-07-19 18:32:30.860,,L1 MT,,ADL_RPL_S81_14UP_370UM,80187,,TCB703,3,860
Feed One Die,Dialog Item,,2022-07-20 14:35:04.340,,L1 MT,,ADL_RPL_S81_14UP_370UM,80187,,TCB703,3,340
Feed One Die,Dialog Item,,2022-07-21 18:41:40.623,,L1 MT,,ADL_RPL_S81_14UP_370UM,80187,,TCB703,3,623
Feed One Die,Dialog Item,,2022-07-19 09:50:44.827,,L1 MT,,ADL_RPL_S81_14UP_370UM,80187,,TCB703,4,827
Feed One Die,Dialog Item,,2022-07-19 18:22:05.483,,L1 MT,,ADL_RPL_S81_14UP_370UM,80187,,TCB703,4,483
Feed One Die,Dialog Item,,2022-07-22 08:31:04.780,,L1 MT,,ADL_RPL_S81_14UP_370UM,80187,,TCB703,3,780
Feed One Die,Dialog Item,,2022-07-22 08:31:07.437,,L1 MT,,ADL_RPL_S81_14UP_370UM,80187,,TCB703,3,437
Feed One Die,Dialog Item,,2022-07-22 08:31:09.520,,L1 MT,,ADL_RPL_S81_14UP_370UM,80187,,TCB703,3,520
Feed One Die,Dialog Item,,2022-07-22 09:10:33.937,,L1 MT,,ADL_RPL_S81_14UP_370UM,80187,,TCB703,3,937
Feed One Die,Dialog Item,,2022-07-22 11:39:01.310,,L1 MT,,ADL_RPL_S81_14UP_370UM,80187,,TCB703,3,310
Feed One Die,Dialog Item,,2022-07-22 11:41:05.090,,L1 MT,,ADL_RPL_S81_14UP_370UM,80187,,TCB703,3,90
Feed One Die,Dialog Item,,2022-07-22 13:46:29.780,,L1 MT,,ADL_RPL_S81_14UP_370UM,80187,,TCB703,4,780
Feed One Die,Dialog Item,,2022-07-15 01:13:10.533,,chenxi,,ADL_RPL_S81_14UP_370UM,80187,,TCB703,1,533
Feed One Die,Dialog Item,,2022-07-15 01:54:11.763,,chenxi,,ADL_RPL_S81_14UP_370UM,80592,,TCB703,1,763
Feed One Die,Dialog Item,,2022-07-14 21:14:59.763,,wangjiazhi,,ADL_RPL_S81_14UP_370UM,80187,,TCB703,2,763
Feed One Die,Dialog Item,,2022-07-14 20:38:54.857,,jianghongyong,,ADL_RPL_S81_14UP_370UM,80187,,TCB703,3,857
Feed One Die,Dialog Item,,2022-07-14 20:27:14.653,,luobin,,ADL_RPL_S81_14UP_370UM,80187,,TCB703,4,653
Feed One Die,Dialog Item,,2022-07-16 15:47:40.420,,L1 MT,,ADL_RPL_S81_14UP_370UM,80187,,TCB703,2,420
Feed One Die,Dialog Item,,2022-07-16 18:29:43.297,,L1 MT,,ADL_RPL_S81_14UP_370UM,80187,,TCB703,3,297
Feed One Die,Dialog Item,,2022-07-17 07:42:08.090,,L1 MT,,ADL_RPL_S81_14UP_370UM,80187,,TCB703,3,90
Feed One Die,Dialog Item,,2022-07-17 14:06:21.060,,L1 MT,,ADL_RPL_S81_14UP_370UM,80187,,TCB703,3,60
Feed One Die,Dialog Item,,2022-07-22 03:11:24.167,,L1 MT,,ADL_RPL_S81_14UP_370UM,80187,,TCB703,1,167
Feed One Die,Dialog Item,,2022-07-22 05:03:53.717,,L1 MT,,ADL_RPL_S81_14UP_370UM,80187,,TCB703,4,717
Feed One Die,Dialog Item,,2022-07-14 10:54:34.960,,L1 MT,,FAST_TIGER_LAKE_UP3_270UM_2X9,80059,,TCB709,1,960
Feed One Die,Dialog Item,,2022-07-14 10:54:46.577,,L1 MT,,FAST_TIGER_LAKE_UP3_270UM_2X9,80059,,TCB709,1,577
Feed One Die,Dialog Item,,2022-07-15 21:34:35.153,,L1 MT,,FAST_TIGER_LAKE_UP3_270UM_2X9,80187,,TCB709,1,153
Feed One Die,Dialog Item,,2022-07-16 02:16:15.937,,L1 MT,,FAST_TIGER_LAKE_UP3_270UM_2X9,80187,,TCB709,1,937
Feed One Die,Dialog Item,,2022-07-16 02:44:18.780,,L1 MT,,FAST_TIGER_LAKE_UP3_270UM_2X9,80187,,TCB709,1,780
Feed One Die,Dialog Item,,2022-07-16 20:20:32.997,,L1 MT,,FAST_TIGER_LAKE_UP3_270UM_2X9,80187,,TCB709,1,997
Feed One Die,Dialog Item,,2022-07-16 21:11:08.420,,L1 MT,,FAST_TIGER_LAKE_UP3_270UM_2X9,80187,,TCB709,1,420
Feed One Die,Dialog Item,,2022-07-14 06:41:13.653,,L1 MT,,FAST_TIGER_LAKE_UP3_270UM_2X9,80187,,TCB709,3,653
Feed One Die,Dialog Item,,2022-07-19 07:50:11.420,,L1 MT,,Mixed_CML_U64_18up_270um,80187,,TCB709,1,420
Feed One Die,Dialog Item,,2022-07-19 08:44:14.340,,L1 MT,,Mixed_CML_U64_18up_270um,80187,,TCB709,1,340
Feed One Die,Dialog Item,,2022-07-19 09:02:13.827,,L1 MT,,Mixed_CML_U64_18up_270um,80187,,TCB709,1,827
Feed One Die,Dialog Item,,2022-07-19 13:51:20.640,,L1 MT,,Mixed_CML_U64_18up_270um,80187,,TCB709,1,640
Feed One Die,Dialog Item,,2022-07-19 13:51:25.687,,L1 MT,,Mixed_CML_U64_18up_270um,80187,,TCB709,1,687
Feed One Die,Dialog Item,,2022-07-15 21:32:39.140,,L1 MT,,FAST_TIGER_LAKE_UP3_270UM_2X9,80187,,TCB709,2,140
Feed One Die,Dialog Item,,2022-07-16 02:52:14.967,,L1 MT,,FAST_TIGER_LAKE_UP3_270UM_2X9,80187,,TCB709,2,967
Feed One Die,Dialog Item,,2022-07-16 05:44:55.403,,L1 MT,,FAST_TIGER_LAKE_UP3_270UM_2X9,80187,,TCB709,2,403
Feed One Die,Dialog Item,,2022-07-14 23:41:39.123,,L1 MT,,FAST_TIGER_LAKE_UP3_270UM_2X9,80187,,TCB709,3,123
Feed One Die,Dialog Item,,2022-07-19 07:53:49.280,,L1 MT,,Mixed_CML_U64_18up_270um,80187,,TCB709,2,280
Feed One Die,Dialog Item,,2022-07-19 09:00:34.910,,L1 MT,,Mixed_CML_U64_18up_270um,80187,,TCB709,2,910
Feed One Die,Dialog Item,,2022-07-19 10:11:17.483,,L1 MT,,Mixed_CML_U64_18up_270um,80187,,TCB709,2,483
Feed One Die,Dialog Item,,2022-07-19 13:44:24.560,,L1 MT,,Mixed_CML_U64_18up_270um,80187,,TCB709,2,560
Feed One Die,Dialog Item,,2022-07-19 13:44:47.043,,L1 MT,,Mixed_CML_U64_18up_270um,80187,,TCB709,2,43
Feed One Die,Dialog Item,,2022-07-19 13:44:48.873,,L1 MT,,Mixed_CML_U64_18up_270um,80187,,TCB709,2,873
Feed One Die,Dialog Item,,2022-07-15 21:42:58.653,,L1 MT,,FAST_TIGER_LAKE_UP3_270UM_2X9,80187,,TCB709,3,653
Feed One Die,Dialog Item,,2022-07-16 00:52:36.780,,L1 MT,,FAST_TIGER_LAKE_UP3_270UM_2X9,80187,,TCB709,3,780
Feed One Die,Dialog Item,,2022-07-16 22:13:21.640,,L1 MT,,FAST_TIGER_LAKE_UP3_270UM_2X9,80187,,TCB709,3,640
Feed One Die,Dialog Item,,2022-07-16 22:13:24.077,,L1 MT,,FAST_TIGER_LAKE_UP3_270UM_2X9,80187,,TCB709,3,77
Feed One Die,Dialog Item,,2022-07-16 23:05:14.873,,L1 MT,,FAST_TIGER_LAKE_UP3_270UM_2X9,80187,,TCB709,3,873
Feed One Die,Dialog Item,,2022-07-19 09:35:57.890,,L1 MT,,Mixed_CML_U64_18up_270um,80187,,TCB709,3,890
Feed One Die,Dialog Item,,2022-07-19 09:42:50.200,,L1 MT,,Mixed_CML_U64_18up_270um,80187,,TCB709,3,200
Feed One Die,Dialog Item,,2022-07-19 12:53:06.827,,L1 MT,,Mixed_CML_U64_18up_270um,80187,,TCB709,3,827
Feed One Die,Dialog Item,,2022-07-16 00:21:49.827,,L1 MT,,FAST_TIGER_LAKE_UP3_270UM_2X9,80187,,TCB709,4,827
Feed One Die,Dialog Item,,2022-07-16 05:37:49.780,,L1 MT,,FAST_TIGER_LAKE_UP3_270UM_2X9,80187,,TCB709,4,780
Feed One Die,Dialog Item,,2022-07-15 00:50:02.277,,L1 MT,,FAST_TIGER_LAKE_UP3_270UM_2X9,80059,,TCB709,1,277
Feed One Die,Dialog Item,,2022-07-15 00:50:31.623,,L1 MT,,FAST_TIGER_LAKE_UP3_270UM_2X9,80059,,TCB709,1,623
Feed One Die,Dialog Item,,2022-07-22 10:06:06.873,,L1 MT,,FAST_TIGER_LAKE_UP3_270UM_2X9,80059,,TCB709,3,873
Feed One Die,Dialog Item,,2022-07-22 10:14:33.967,,L1 MT,,FAST_TIGER_LAKE_UP3_270UM_2X9,80059,,TCB709,3,967
Feed One Die,Dialog Item,,2022-07-22 10:15:03.157,,L1 MT,,FAST_TIGER_LAKE_UP3_270UM_2X9,80059,,TCB709,3,157
Feed One Die,Dialog Item,,2022-07-23 04:21:23.420,,L1 MT,,FAST_TIGER_LAKE_UP3_270UM_2X9,80059,,TCB709,3,420
Feed One Die,Dialog Item,,2022-07-14 06:41:13.653,,L1 MT,,FAST_TIGER_LAKE_UP3_270UM_2X9,80187,,TCB709,3,653
Feed One Die,Dialog Item,,2022-07-19 08:53:08.383,,L1 MT,,Mixed_CML_U64_18up_270um,80187,,TCB709,4,383
Feed One Die,Dialog Item,,2022-07-19 12:30:55.783,,L1 MT,,Mixed_CML_U64_18up_270um,80187,,TCB709,4,783
Feed One Die,Dialog Item,,2022-07-19 12:43:16.360,,L1 MT,,Mixed_CML_U64_18up_270um,80187,,TCB709,4,360
Feed One Die,Dialog Item,,2022-07-19 12:44:28.440,,L1 MT,,Mixed_CML_U64_18up_270um,80187,,TCB709,4,440
Feed One Die,Dialog Item,,2022-07-19 12:46:16.457,,L1 MT,,Mixed_CML_U64_18up_270um,80187,,TCB709,4,457
Feed One Die,Dialog Item,,2022-07-19 13:46:27.753,,L1 MT,,Mixed_CML_U64_18up_270um,80187,,TCB709,4,753
Feed One Die,Dialog Item,,2022-07-19 13:47:26.267,,L1 MT,,Mixed_CML_U64_18up_270um,80187,,TCB709,4,267
Feed One Die,Dialog Item,,2022-07-19 13:47:27.847,,L1 MT,,Mixed_CML_U64_18up_270um,80187,,TCB709,4,847
Feed One Die,Dialog Item,,2022-07-19 14:56:45.690,,L1 MT,,Mixed_CML_U64_18up_270um,80187,,TCB709,4,690
Feed One Die,Dialog Item,,2022-07-19 14:57:18.957,,L1 MT,,Mixed_CML_U64_18up_270um,80187,,TCB709,4,957
Feed One Die,Dialog Item,,2022-07-14 11:48:35.700,,L1 MT,,FAST_TIGER_LAKE_UP3_270UM_2X9,80187,,TCB709,4,700
Feed One Die,Dialog Item,,2022-07-14 11:52:29.710,,L1 MT,,FAST_TIGER_LAKE_UP3_270UM_2X9,80187,,TCB709,4,710
Feed One Die,Dialog Item,,2022-07-18 22:36:52.030,,liuyinglong,,Mixed_CML_U64_18up_270um,80187,,TCB709,1,30
Feed One Die,Dialog Item,,2022-07-18 22:37:48.013,,liuyinglong,,Mixed_CML_U64_18up_270um,80187,,TCB709,1,13
Feed One Die,Dialog Item,,2022-07-18 23:36:59.450,,liuyongyong,,Mixed_CML_U64_18up_270um,80187,,TCB709,2,450
Feed One Die,Dialog Item,,2022-07-18 21:59:08.373,,liuyongyong,,Mixed_CML_U64_18up_270um,80187,,TCB709,3,373
Feed One Die,Dialog Item,,2022-07-18 22:16:09.623,,liuyongyong,,Mixed_CML_U64_18up_270um,80187,,TCB709,3,623
Feed One Die,Dialog Item,,2022-07-18 22:25:27.577,,liuyongyong,,Mixed_CML_U64_18up_270um,80187,,TCB709,3,577
Feed One Die,Dialog Item,,2022-07-16 21:12:09.293,,L1 MT,,FAST_TIGER_LAKE_UP3_270UM_2X9,80187,,TCB709,4,293
Feed One Die,Dialog Item,,2022-07-17 01:24:16.940,,L1 MT,,FAST_TIGER_LAKE_UP3_270UM_2X9,80187,,TCB709,4,940
Feed One Die,Dialog Item,,2022-07-17 06:39:45.233,,L1 MT,,FAST_TIGER_LAKE_UP3_270UM_2X9,80187,,TCB709,4,233
Feed One Die,Dialog Item,,2022-07-18 22:20:41.287,,guoyijian,,Mixed_CML_U64_18up_270um,80187,,TCB709,4,287
Feed One Die,Dialog Item,,2022-07-18 22:22:02.260,,guoyijian,,Mixed_CML_U64_18up_270um,80187,,TCB709,4,260
Feed One Die,Dialog Item,,2022-07-20 06:52:01.470,,L1 MT,,FAST_TIGER_LAKE_UP3_270UM_2X9,80187,,TCB709,4,470
Feed One Die,Dialog Item,,2022-07-21 23:40:23.847,,L1 MT,,FAST_TIGER_LAKE_UP3_270UM_2X9,80059,,TCB709,4,847
Feed One Die,Dialog Item,,2022-07-13 21:18:13.623,,L1 MT,,TIGER_LAKE_H81_370UM_16UP,80187,,TCB706,1,623
Feed One Die,Dialog Item,,2022-07-19 12:27:11.700,,chenxi,,MIXED_CML_H82_370UM,80187,,TCB706,1,700
Feed One Die,Dialog Item,,2022-07-14 13:49:34.157,,L1 MT,,TIGER_LAKE_H81_370UM_16UP,80187,,TCB706,2,157
Feed One Die,Dialog Item,,2022-07-21 08:12:36.403,,L1 MT,,ADL_P282_270UM,80187,,TCB706,1,403
Feed One Die,Dialog Item,,2022-07-21 08:12:44.170,,L1 MT,,ADL_P282_270UM,80187,,TCB706,1,170
Feed One Die,Dialog Item,,2022-07-13 21:18:13.623,,L1 MT,,TIGER_LAKE_H81_370UM_16UP,80187,,TCB706,1,623
Feed One Die,Dialog Item,,2022-07-20 12:06:43.000,,L1 MT,,MIXED_CML_H82_370UM,80187,,TCB706,2,0
Feed One Die,Dialog Item,,2022-07-20 15:36:26.653,,L1 MT,,MIXED_CML_H82_370UM,80187,,TCB706,2,653
Feed One Die,Dialog Item,,2022-07-20 23:07:31.793,,liuyinglong,,ADL_P282_270UM,80592,,TCB706,2,793
Feed One Die,Dialog Item,,2022-07-21 08:14:37.303,,L1 MT,,ADL_P282_270UM,80187,,TCB706,2,303
Feed One Die,Dialog Item,,2022-07-21 13:01:43.187,,L1 MT,,ADL_P282_270UM,80187,,TCB706,2,187
Feed One Die,Dialog Item,,2022-07-21 13:01:55.263,,L1 MT,,ADL_P282_270UM,80187,,TCB706,2,263
Feed One Die,Dialog Item,,2022-07-21 13:05:11.200,,L1 MT,,ADL_P282_270UM,80187,,TCB706,2,200
Feed One Die,Dialog Item,,2022-07-21 13:06:40.827,,L1 MT,,ADL_P282_270UM,80187,,TCB706,2,827
Feed One Die,Dialog Item,,2022-07-21 13:06:59.920,,L1 MT,,ADL_P282_270UM,80187,,TCB706,2,920
Feed One Die,Dialog Item,,2022-07-22 10:15:50.640,,L1 MT,,ADL_P282_270UM,80592,,TCB706,3,640
Feed One Die,Dialog Item,,2022-07-22 10:22:59.217,,L1 MT,,ADL_P282_270UM,80592,,TCB706,3,217
Feed One Die,Dialog Item,,2022-07-22 10:29:33.013,,zhangyuan,,ADL_P282_270UM,80592,,TCB706,3,13
Feed One Die,Dialog Item,,2022-07-22 10:30:50.457,,zhangyuan,,ADL_P282_270UM,80592,,TCB706,3,457
Feed One Die,Dialog Item,,2022-07-22 12:25:06.700,,gouwei,,ADL_P282_270UM,80187,,TCB706,4,700
Feed One Die,Dialog Item,,2022-07-20 11:59:05.107,,L1 MT,,MIXED_CML_H82_370UM,80187,,TCB706,4,107
Feed One Die,Dialog Item,,2022-07-20 11:59:14.483,,L1 MT,,MIXED_CML_H82_370UM,80187,,TCB706,4,483
Feed One Die,Dialog Item,,2022-07-20 12:32:46.607,,L1 MT,,MIXED_CML_H82_370UM,80187,,TCB706,4,607
Feed One Die,Dialog Item,,2022-07-20 01:06:42.250,,L1 MT,,MIXED_CML_H82_370UM,80187,,TCB706,1,250
Feed One Die,Dialog Item,,2022-07-20 03:55:39.590,,L1 MT,,MIXED_CML_H82_370UM,80187,,TCB706,1,590
Feed One Die,Dialog Item,,2022-07-20 06:19:51.717,,L1 MT,,MIXED_CML_H82_370UM,80187,,TCB706,1,717
Feed One Die,Dialog Item,,2022-07-19 22:39:37.687,,L1 MT,,MIXED_CML_H82_370UM,80187,,TCB706,2,687
Feed One Die,Dialog Item,,2022-07-20 03:56:46.920,,L1 MT,,MIXED_CML_H82_370UM,80187,,TCB706,2,920
Feed One Die,Dialog Item,,2022-07-20 06:23:14.690,,L1 MT,,MIXED_CML_H82_370UM,80187,,TCB706,2,690
Feed One Die,Dialog Item,,2022-07-20 00:03:30.937,,L1 MT,,MIXED_CML_H82_370UM,80187,,TCB706,3,937
Feed One Die,Dialog Item,,2022-07-20 00:07:22.950,,L1 MT,,MIXED_CML_H82_370UM,80187,,TCB706,3,950
Feed One Die,Dialog Item,,2022-07-20 06:18:47.500,,L1 MT,,MIXED_CML_H82_370UM,80187,,TCB706,3,500
Feed One Die,Dialog Item,,2022-07-19 23:24:15.953,,L1 MT,,MIXED_CML_H82_370UM,80187,,TCB706,4,953
Feed One Die,Dialog Item,,2022-07-20 04:06:58.840,,L1 MT,,MIXED_CML_H82_370UM,80187,,TCB706,4,840
Feed One Die,Dialog Item,,2022-07-20 06:18:16.937,,L1 MT,,MIXED_CML_H82_370UM,80187,,TCB706,4,937
Feed One Die,Dialog Item,,2022-07-22 01:51:39.107,,L1 MT,,ADL_P282_270UM,80187,,TCB706,3,107
Feed One Die,Dialog Item,,2022-07-21 05:48:44.700,,L1 MT,,ADL_P282_270UM,80187,,TCB706,1,700
Feed One Die,Dialog Item,,2022-07-21 05:53:15.327,,L1 MT,,ADL_P282_270UM,80187,,TCB706,1,327
Feed One Die,Dialog Item,,2022-07-21 06:18:41.327,,L1 MT,,ADL_P282_270UM,80187,,TCB706,1,327
Feed One Die,Dialog Item,,2022-07-21 00:24:10.483,,liuyinglong,,ADL_P282_270UM,80187,,TCB706,4,483
Feed One Die,Dialog Item,,2022-07-21 00:24:37.280,,liuyinglong,,ADL_P282_270UM,80187,,TCB706,4,280
Feed One Die,Dialog Item,,2022-07-14 10:27:19.850,,L1 MT,,ADL_P282_270UM,80187,,TCB712,1,850
Feed One Die,Dialog Item,,2022-07-14 18:58:51.873,,L1 MT,,ADL_P282_270UM,80187,,TCB712,1,873
Feed One Die,Dialog Item,,2022-07-13 19:36:51.640,,L1 MT,,ADL_P282_270UM,80592,,TCB712,1,640
Feed One Die,Dialog Item,,2022-07-13 19:39:16.813,,L1 MT,,ADL_P282_270UM,80592,,TCB712,1,813
Feed One Die,Dialog Item,,2022-07-13 19:53:21.567,,L1 MT,,ADL_P282_270UM,80187,,TCB712,1,567
Feed One Die,Dialog Item,,2022-07-13 23:16:57.560,,L1 MT,,ADL_P282_270UM,80187,,TCB712,1,560
Feed One Die,Dialog Item,,2022-07-13 19:37:32.443,,L1 MT,,ADL_P282_270UM,80592,,TCB712,2,443
Feed One Die,Dialog Item,,2022-07-13 19:39:33.953,,L1 MT,,ADL_P282_270UM,80592,,TCB712,2,953
Feed One Die,Dialog Item,,2022-07-13 22:07:00.907,,xiangzhonglei,,ADL_P282_270UM,80592,,TCB712,2,907
Feed One Die,Dialog Item,,2022-07-13 22:16:12.930,,xiangzhonglei,,ADL_P282_270UM,80592,,TCB712,2,930
Feed One Die,Dialog Item,,2022-07-13 22:22:45.747,,xiangzhonglei,,ADL_P282_270UM,80592,,TCB712,2,747
Feed One Die,Dialog Item,,2022-07-14 01:28:06.673,,xiangzhonglei,,ADL_P282_270UM,80592,,TCB712,2,673
Feed One Die,Dialog Item,,2022-07-13 19:38:05.547,,L1 MT,,ADL_P282_270UM,80592,,TCB712,3,547
Feed One Die,Dialog Item,,2022-07-13 19:39:45.200,,L1 MT,,ADL_P282_270UM,80592,,TCB712,3,200
Feed One Die,Dialog Item,,2022-07-13 19:38:39.620,,L1 MT,,ADL_P282_270UM,80592,,TCB712,4,620
Feed One Die,Dialog Item,,2022-07-13 19:40:07.277,,L1 MT,,ADL_P282_270UM,80592,,TCB712,4,277
Feed One Die,Dialog Item,,2022-07-13 23:51:34.307,,xiangzhonglei,,ADL_P282_270UM,80592,,TCB712,4,307
Feed One Die,Dialog Item,,2022-07-14 03:48:24.527,,xiangzhonglei,,ADL_P282_270UM,80187,,TCB712,4,527
Feed One Die,Dialog Item,,2022-07-14 03:48:27.790,,xiangzhonglei,,ADL_P282_270UM,80187,,TCB712,4,790
Feed One Die,Dialog Item,,2022-07-14 09:13:38.257,,xiangzhonglei,,ADL_P282_270UM,80187,,TCB712,2,257
Feed One Die,Dialog Item,,2022-07-14 10:21:30.290,,xiangzhonglei,,ADL_P282_270UM,80187,,TCB712,2,290
Feed One Die,Dialog Item,,2022-07-14 17:23:24.697,,xiangzhonglei,,ADL_P282_270UM,80187,,TCB712,2,697
Feed One Die,Dialog Item,,2022-07-15 13:38:11.180,,L1 MT,,ADL_P282_270UM,80187,,TCB712,2,180
Feed One Die,Dialog Item,,2022-07-15 18:51:46.147,,xudahai,,ADL_P282_270UM,80187,,TCB712,2,147
Feed One Die,Dialog Item,,2022-07-15 00:46:30.013,,L1 MT,,ADL_P282_270UM,80592,,TCB712,2,13
Feed One Die,Dialog Item,,2022-07-15 03:11:57.963,,L1 MT,,ADL_P282_270UM,80592,,TCB712,2,963
Feed One Die,Dialog Item,,2022-07-15 03:13:40.043,,L1 MT,,ADL_P282_270UM,80592,,TCB712,2,43
Feed One Die,Dialog Item,,2022-07-13 19:36:51.640,,L1 MT,,ADL_P282_270UM,80592,,TCB712,1,640
Feed One Die,Dialog Item,,2022-07-13 19:39:16.813,,L1 MT,,ADL_P282_270UM,80592,,TCB712,1,813
Feed One Die,Dialog Item,,2022-07-13 19:53:21.567,,L1 MT,,ADL_P282_270UM,80187,,TCB712,1,567
Feed One Die,Dialog Item,,2022-07-13 23:16:57.560,,L1 MT,,ADL_P282_270UM,80187,,TCB712,1,560
Feed One Die,Dialog Item,,2022-07-14 13:38:54.180,,xudahai,,ADL_P282_270UM,80187,,TCB712,3,180
Feed One Die,Dialog Item,,2022-07-15 14:05:40.377,,L1 MT,,ADL_P282_270UM,80187,,TCB712,3,377
Feed One Die,Dialog Item,,2022-07-22 12:58:52.030,,zhangxiong,,ADL_P282_270UM,80019,,TCB712,2,30
Feed One Die,Dialog Item,,2022-07-19 14:54:13.060,,lihang,,ADL_P282_270UM,80187,,TCB712,3,60
Feed One Die,Dialog Item,,2022-07-19 14:54:17.767,,lihang,,ADL_P282_270UM,80187,,TCB712,3,767
Feed One Die,Dialog Item,,2022-07-19 14:59:59.880,,lihang,,ADL_P282_270UM,80187,,TCB712,3,880
Feed One Die,Dialog Item,,2022-07-19 16:04:56.370,,lihang,,ADL_P282_270UM,80187,,TCB712,3,370
Feed One Die,Dialog Item,,2022-07-19 16:05:12.777,,lihang,,ADL_P282_270UM,80187,,TCB712,3,777
Feed One Die,Dialog Item,,2022-07-19 16:07:02.707,,lihang,,ADL_P282_270UM,80059,,TCB712,3,707
Feed One Die,Dialog Item,,2022-07-19 17:36:19.263,,lihang,,ADL_P282_270UM,80187,,TCB712,3,263
Feed One Die,Dialog Item,,2022-07-13 19:37:32.443,,L1 MT,,ADL_P282_270UM,80592,,TCB712,2,443
Feed One Die,Dialog Item,,2022-07-13 19:39:33.953,,L1 MT,,ADL_P282_270UM,80592,,TCB712,2,953
Feed One Die,Dialog Item,,2022-07-13 22:07:00.907,,xiangzhonglei,,ADL_P282_270UM,80592,,TCB712,2,907
Feed One Die,Dialog Item,,2022-07-13 22:16:12.930,,xiangzhonglei,,ADL_P282_270UM,80592,,TCB712,2,930
Feed One Die,Dialog Item,,2022-07-13 22:22:45.747,,xiangzhonglei,,ADL_P282_270UM,80592,,TCB712,2,747
Feed One Die,Dialog Item,,2022-07-14 01:28:06.673,,xiangzhonglei,,ADL_P282_270UM,80592,,TCB712,2,673
Feed One Die,Dialog Item,,2022-07-22 23:34:17.980,,L1 MT,,ADL_P282_270UM,80187,,TCB712,2,980
Feed One Die,Dialog Item,,2022-07-15 14:37:44.513,,L1 MT,,ADL_P282_270UM,80019,,TCB712,4,513
Feed One Die,Dialog Item,,2022-07-19 20:51:53.343,,xudahai,,ADL_P282_270UM,80187,,TCB712,3,343
Feed One Die,Dialog Item,,2022-07-19 23:54:37.570,,xudahai,,ADL_P282_270UM,80187,,TCB712,3,570
Feed One Die,Dialog Item,,2022-07-16 15:39:34.553,,L1 MT,,ADL_P282_270UM,80187,,TCB712,4,553
Feed One Die,Dialog Item,,2022-07-18 10:22:35.423,,L1 MT,,ADL_P282_270UM,80187,,TCB712,4,423
Feed One Die,Dialog Item,,2022-07-13 19:38:05.547,,L1 MT,,ADL_P282_270UM,80592,,TCB712,3,547
Feed One Die,Dialog Item,,2022-07-13 19:39:45.200,,L1 MT,,ADL_P282_270UM,80592,,TCB712,3,200
Feed One Die,Dialog Item,,2022-07-21 10:54:06.070,,L1 MT,,ADL_P282_270UM,80187,,TCB712,4,70
Feed One Die,Dialog Item,,2022-07-13 19:38:39.620,,L1 MT,,ADL_P282_270UM,80592,,TCB712,4,620
Feed One Die,Dialog Item,,2022-07-13 19:40:07.277,,L1 MT,,ADL_P282_270UM,80592,,TCB712,4,277
Feed One Die,Dialog Item,,2022-07-13 23:51:34.307,,xiangzhonglei,,ADL_P282_270UM,80592,,TCB712,4,307
Feed One Die,Dialog Item,,2022-07-14 03:48:24.527,,xiangzhonglei,,ADL_P282_270UM,80187,,TCB712,4,527
Feed One Die,Dialog Item,,2022-07-14 03:48:27.790,,xiangzhonglei,,ADL_P282_270UM,80187,,TCB712,4,790
Feed One Die,Dialog Item,,2022-07-14 21:54:50.017,,L1 MT,,ADL_P282_270UM,80187,,TCB712,1,17
Feed One Die,Dialog Item,,2022-07-15 00:48:39.170,,gouwei,,ADL_P282_270UM,80592,,TCB712,1,170
Feed One Die,Dialog Item,,2022-07-15 00:51:50.193,,gouwei,,ADL_P282_270UM,80592,,TCB712,1,193
Feed One Die,Dialog Item,,2022-07-16 08:07:33.430,,L1 MT,,ADL_P282_270UM,80187,,TCB712,2,430
Feed One Die,Dialog Item,,2022-07-16 08:49:54.713,,quzhongli,,ADL_P282_270UM,80187,,TCB712,2,713
Feed One Die,Dialog Item,,2022-07-16 08:11:24.653,,L1 MT,,ADL_P282_270UM,80187,,TCB712,3,653
Feed One Die,Dialog Item,,2022-07-16 11:46:55.753,,L1 MT,,ADL_P282_270UM,80187,,TCB712,3,753
Feed One Die,Dialog Item,,2022-07-17 11:19:51.817,,gaowei,,ADL_P282_270UM,80592,,TCB712,2,817
Feed One Die,Dialog Item,,2022-07-18 21:19:20.130,,L1 MT,,ADL_P282_270UM,80187,,TCB712,2,130
Feed One Die,Dialog Item,,2022-07-19 02:23:28.620,,L1 MT,,ADL_P282_270UM,80187,,TCB712,3,620
Feed One Die,Dialog Item,,2022-07-18 19:59:06.980,,L1 MT,,ADL_P282_270UM,80187,,TCB712,4,980
Feed One Die,Dialog Item,,2022-07-19 02:05:28.070,,wangting,,ADL_P282_270UM,80592,,TCB712,4,70
Feed One Die,Dialog Item,,2022-07-19 19:29:20.770,,L1 MT,,ADL_P282_270UM,80187,,TCB712,1,770
Feed One Die,Dialog Item,,2022-07-20 02:39:43.750,,L1 MT,,ADL_P282_270UM,80187,,TCB712,1,750
Feed One Die,Dialog Item,,2022-07-19 23:06:13.803,,L1 MT,,ADL_P282_270UM,80187,,TCB712,4,803
Feed One Die,Dialog Item,,2022-07-21 00:57:31.840,,L1 MT,,ADL_P282_270UM,80187,,TCB712,1,840
Feed One Die,Dialog Item,,2022-07-21 06:47:49.103,,L1 MT,,ADL_P282_270UM,80187,,TCB712,1,103
Feed One Die,Dialog Item,,2022-07-21 02:27:57.940,,L1 MT,,ADL_P282_270UM,80187,,TCB712,2,940
Feed One Die,Dialog Item,,2022-07-21 02:48:10.077,,L1 MT,,ADL_P282_270UM,80187,,TCB712,2,77
Feed One Die,Dialog Item,,2022-07-20 23:17:08.820,,L1 MT,,ADL_P282_270UM,80187,,TCB712,3,820
Feed One Die,Dialog Item,,2022-07-21 01:03:52.800,,L1 MT,,ADL_P282_270UM,80187,,TCB712,3,800
Feed One Die,Dialog Item,,2022-07-21 01:36:10.517,,L1 MT,,ADL_P282_270UM,80187,,TCB712,4,517
Feed One Die,Dialog Item,,2022-07-22 00:02:49.297,,L1 MT,,ADL_P282_270UM,80187,,TCB712,1,297
Feed One Die,Dialog Item,,2022-07-22 02:01:47.183,,linman,,ADL_P282_270UM,80187,,TCB712,2,183
Feed One Die,Dialog Item,,2022-07-21 19:24:37.070,,L1 MT,,ADL_P282_270UM,80187,,TCB712,3,70
Feed One Die,Dialog Item,,2022-07-21 23:28:20.057,,L1 MT,,ADL_P282_270UM,80187,,TCB712,3,57
Feed One Die,Dialog Item,,2022-07-22 05:52:33.100,,L1 MT,,ADL_P282_270UM,80187,,TCB712,3,100
Feed One Die,Dialog Item,,2022-07-21 20:48:13.960,,L1 MT,,ADL_P282_270UM,80187,,TCB712,4,960
Feed One Die,Dialog Item,,2022-07-22 00:31:15.753,,chudeju,,ADL_P282_270UM,80592,,TCB712,4,753
Feed One Die,Dialog Item,,2022-07-22 00:33:25.303,,chudeju,,ADL_P282_270UM,80592,,TCB712,4,303
Feed One Die,Dialog Item,,2022-07-22 05:42:07.510,,L1 MT,,ADL_P282_270UM,80187,,TCB712,4,510
Feed One Die,Dialog Item,,2022-07-22 06:23:25.187,,L1 MT,,ADL_P282_270UM,80187,,TCB712,4,187
